GOOGLEDRIVETIME,PIECNTAHEAD,ORDERSIZE,DRIVERCNT,HOUSECOUNT,STAFFCNT,TTD
289,0,1,4,14798,3,148
258,14,4,6,22196,7,113
434,0,4,4,22196,3,187
44,9,1,6,56060,7,78
306,0,3,6,22196,4,241
372,0,2,5,56060,4,97
407,0,3,1,22196,1,77
413,0,4,10,14798,13,313
328,2,3,11,56060,9,80
166,0,1,4,14798,4,67
226,7,1,7,22196,7,72
360,13,5,4,22196,4,87
299,0,1,3,56060,4,226
495,0,4,1,14798,2,221
379,0,4,7,22196,7,311
322,2,0,2,22196,3,189
369,0,3,6,22196,7,234
343,22,2,9,22196,9,160
198,0,3,2,56060,3,48
300,1,1,5,22196,5,112
411,0,2,2,22196,3,165
247,0,3,4,22196,4,121
286,0,3,6,56060,7,138
310,0,4,2,22196,2,66
209,0,2,2,56060,2,110
238,0,2,12,14798,11,102
241,0,3,7,14798,7,148
151,0,1,2,22196,3,73
349,31,8,5,22196,4,208
234,0,3,3,22196,2,214
417,58,4,10,56060,9,198
83,0,2,7,56060,7,84
179,27,2,4,56060,4,100
395,3,2,8,14798,7,282
246,1,4,7,22196,7,131
78,0,1,4,56060,3,77
221,1,2,3,56060,4,50
275,15,2,6,56060,5,110
166,0,3,1,56060,1,52
278,0,2,6,22196,5,150
217,0,2,2,56060,2,90
324,1,2,6,22196,7,174
214,0,3,10,22196,12,165
423,3,4,4,14798,5,335
83,0,3,2,56060,2,89
393,14,4,6,22196,6,117
240,0,2,2,56060,1,138
126,1,1,6,56060,6,123
263,3,2,11,14798,12,249
295,0,3,1,56060,1,140
320,0,3,3,14798,2,227
283,0,1,3,56060,4,195
377,1,1,10,14798,11,91
349,1,2,8,22196,8,170
433,0,1,1,22196,1,171
199,4,3,10,56060,10,153
219,0,2,2,56060,2,58
55,5,1,6,56060,6,34
297,13,2,12,14798,10,180
399,2,2,4,22196,4,275
223,0,2,12,14798,12,161
275,13,1,4,22196,6,146
432,8,2,4,22196,4,409
381,0,1,4,22196,5,179
113,0,3,3,22196,4,123
416,0,2,3,56060,3,169
143,0,2,3,22196,3,116
-4,0,1,0,56060,0,68
310,0,2,4,22196,5,160
285,0,2,3,56060,2,81
162,1,2,3,22196,2,120
270,0,3,3,22196,3,168
334,2,1,3,22196,3,156
353,0,2,3,22196,4,208
213,1,2,3,56060,3,109
267,0,2,5,56060,5,75
319,1,1,3,56060,4,113
320,0,2,1,22196,1,98
359,0,3,6,22196,7,200
346,0,1,2,22196,2,184
709,0,1,1,14798,2,496
223,0,2,4,22196,3,264
307,3,2,6,56060,6,127
-78,1,4,3,56060,3,78
291,0,2,1,56060,2,63
350,0,2,3,56060,4,146
236,0,1,5,22196,4,174
168,0,3,1,56060,1,106
404,1,2,9,22196,8,216
19,5,5,3,56060,3,55
292,16,1,4,22196,4,156
500,0,4,5,14798,7,410
526,0,2,4,14798,3,164
266,0,3,2,56060,2,154
458,0,5,2,14798,2,296
407,0,7,2,56060,3,284
578,1,1,2,22196,1,427
402,0,1,2,22196,1,239
235,0,2,4,56060,3,94
363,1,2,6,22196,5,128
184,0,2,0,56060,0,56
209,1,3,1,56060,1,104
476,0,3,4,14798,3,419
502,1,3,8,14798,8,276
174,1,2,4,56060,4,57
358,0,4,5,22196,5,187
322,6,1,2,56060,3,182
103,0,2,4,56060,4,56
431,9,2,5,22196,4,289
404,0,1,6,56060,6,227
267,19,3,7,22196,8,129
315,0,3,2,56060,2,126
92,3,1,3,22196,3,45
429,1,0,4,22196,3,256
200,106,9,9,56060,8,185
163,0,3,2,56060,3,74
353,1,3,2,22196,2,182
375,0,1,12,22196,10,150
165,1,2,10,56060,9,66
187,0,0,5,56060,7,66
329,1,2,5,22196,5,245
308,4,1,7,56060,7,89
373,0,6,3,56060,3,244
62,14,2,2,56060,2,62
348,1,4,10,22196,10,198
277,0,7,3,14798,3,220
577,0,2,4,14798,3,705
228,0,3,2,56060,2,136
295,0,2,2,22196,2,142
375,0,4,5,22196,4,117
363,0,3,4,22196,4,211
327,0,1,1,22196,1,214
322,1,1,4,22196,3,72
277,0,3,6,22196,7,214
582,0,2,8,22196,7,381
247,114,3,4,22196,5,92
365,0,2,3,22196,2,172
439,0,2,5,22196,6,295
219,1,5,5,56060,5,176
437,0,2,2,22196,3,152
132,0,1,0,56060,0,65
341,0,1,5,56060,5,179
287,0,2,5,56060,6,142
379,0,2,0,22196,0,154
-36,0,1,2,56060,1,68
378,0,3,2,22196,1,429
337,0,1,10,14798,9,218
43,0,5,4,56060,4,53
301,1,2,4,14798,4,110
371,0,4,1,22196,1,241
253,0,1,5,22196,6,93
304,0,3,4,22196,4,90
212,0,1,2,56060,3,61
259,79,2,8,22196,8,73
451,0,3,3,14798,4,192
508,0,3,2,22196,2,176
343,0,4,10,14798,9,128
220,27,2,1,56060,1,231
281,0,1,5,14798,4,130
180,0,1,4,22196,3,130
301,1,2,8,22196,7,160
438,0,2,9,14798,9,171
109,136,7,7,56060,7,81
295,0,3,2,22196,2,158
155,0,4,2,56060,1,125
223,1,11,5,22196,5,108
246,0,3,5,56060,5,92
66,1,3,2,56060,2,34
367,0,3,0,22196,0,159
264,0,3,3,56060,2,37
161,0,1,7,22196,6,122
253,0,2,3,14798,4,126
131,4,3,3,56060,3,37
274,431,4,7,22196,8,156
356,0,4,7,14798,6,92
287,7,2,8,22196,9,192
387,135,6,9,22196,10,281
478,0,4,4,14798,5,343
234,1,3,3,56060,3,216
84,165,1,6,56060,6,52
375,0,3,3,22196,2,104
174,7,1,3,22196,3,40
287,0,2,0,56060,0,102
469,0,3,1,14798,1,205
338,0,5,2,22196,2,148
154,0,4,9,56060,8,58
240,0,2,3,22196,2,74
282,1,2,3,56060,3,124
425,76,3,8,22196,8,262
286,1,2,1,56060,2,139
185,0,3,6,22196,7,137
289,0,2,7,22196,7,178
324,0,3,2,22196,1,182
322,187,5,8,22196,7,195
-29,0,1,1,56060,0,51
224,0,9,3,56060,2,114
221,0,2,2,56060,1,87
223,104,3,8,14798,8,133
167,0,1,3,22196,4,65
306,7,1,2,56060,2,215
512,0,3,5,14798,6,185
302,6,2,2,56060,2,127
48,0,2,7,56060,7,93
313,0,2,3,22196,3,84
433,2,5,9,14798,8,334
318,7,1,5,22196,7,84
363,1,2,4,22196,4,96
213,5,2,3,56060,3,128
545,0,1,3,22196,3,289
163,0,2,1,56060,1,48
181,2,6,9,56060,9,122
274,1,2,2,22196,2,246
430,0,2,1,56060,1,157
608,0,2,1,14798,0,354
189,0,2,4,56060,4,153
159,0,1,2,22196,2,116
529,1,3,11,14798,13,239
377,0,3,3,22196,4,247
195,1,4,8,22196,7,152
485,4,1,7,14798,6,252
321,0,4,2,14798,2,131
453,0,4,18,14798,18,357
366,0,7,9,14798,9,322
238,1,2,2,56060,2,66
434,0,3,2,14798,3,452
179,2,3,4,22196,4,281
265,0,1,4,56060,3,180
437,0,2,2,56060,2,197
401,247,4,4,22196,4,286
433,1,4,3,14798,4,356
437,2,3,14,14798,13,176
106,15,1,9,56060,10,158
147,0,1,3,56060,3,123
281,0,2,4,22196,3,95
399,3,2,11,22196,10,318
286,4,3,8,56060,8,218
119,0,2,1,56060,1,27
193,0,2,0,56060,0,135
299,0,3,9,22196,9,151
344,0,3,3,22196,3,105
309,2,1,7,22196,8,202
496,0,2,3,22196,4,219
262,0,3,1,56060,1,60
381,2,4,2,56060,2,164
356,1,2,4,56060,2,275
497,0,8,7,14798,7,264
373,0,4,13,22196,12,118
186,1,2,2,22196,2,101
258,1,2,7,22196,9,128
229,0,3,11,22196,12,87
157,2,2,4,56060,4,66
133,0,2,3,56060,3,56
262,0,2,3,22196,3,138
250,27,2,6,56060,5,87
505,8,1,6,22196,5,429
280,3,5,5,14798,5,413
273,18,2,5,14798,4,104
307,0,3,4,14798,4,101
449,0,2,8,14798,8,191
288,0,4,6,22196,5,167
293,1,1,3,22196,3,61
207,0,4,5,22196,7,193
269,0,1,7,56060,7,132
608,0,3,7,14798,6,507
130,0,2,3,56060,3,161
371,15,3,3,22196,3,193
519,9,4,3,14798,3,233
533,0,3,3,56060,3,248
571,0,2,1,14798,1,180
364,0,3,2,22196,2,190
288,0,4,4,22196,5,108
254,0,7,4,22196,3,114
428,0,3,4,22196,4,254
232,1,1,6,22196,6,63
204,12,1,2,56060,3,70
275,0,2,11,14798,10,293
367,43,3,1,22196,1,286
294,0,2,5,22196,5,168
568,0,3,2,14798,2,305
281,2,2,4,56060,3,133
115,1,2,5,56060,5,63
370,4,2,5,56060,4,99
337,0,2,2,56060,2,122
328,0,2,3,22196,2,168
387,0,2,4,22196,4,75
360,1,3,1,14798,1,315
598,0,1,4,14798,4,225
297,1,3,7,56060,6,182
177,21,3,2,56060,2,99
563,12,5,4,22196,5,479
225,0,2,4,22196,4,282
355,0,2,2,22196,2,91
277,7,4,4,22196,3,102
442,0,3,8,14798,7,273
307,0,1,4,22196,4,118
290,10,4,4,56060,4,167
257,4,2,6,22196,6,231
98,0,3,6,56060,5,121
351,0,3,4,22196,4,250
545,0,3,4,14798,3,411
267,109,1,5,22196,4,121
36,0,4,4,56060,4,69
341,1,2,3,22196,3,196
295,5,2,4,22196,4,202
402,11,3,3,14798,3,184
42,2,3,2,56060,2,56
121,0,4,4,56060,6,92
266,33,5,4,22196,4,177
213,0,2,3,22196,4,119
302,0,5,15,22196,16,146
369,19,6,9,14798,9,187
417,0,1,5,22196,5,305
333,0,1,5,14798,5,289
406,2,2,6,14798,7,182
186,0,3,2,22196,2,77
267,0,3,6,22196,6,81
109,0,4,7,22196,7,151
84,0,1,3,56060,4,74
327,3,3,3,22196,4,176
279,2,4,9,22196,7,139
502,1,1,7,14798,7,81
210,0,3,4,56060,5,265
263,10,3,5,56060,5,72
225,0,9,5,22196,4,128
457,0,1,2,22196,2,150
354,0,1,7,22196,7,192
97,0,1,4,56060,4,61
401,0,3,0,22196,0,322
490,0,2,5,14798,6,147
134,8,4,12,22196,10,86
358,3,2,7,14798,7,195
401,29,2,6,14798,6,126
394,0,2,3,14798,3,465
329,4,1,2,56060,3,333
264,2,3,4,22196,4,205
383,0,3,3,56060,3,328
371,0,1,2,22196,2,172
379,0,1,2,22196,3,87
506,19,2,7,22196,8,272
167,0,4,3,22196,3,76
133,0,3,5,56060,5,65
342,1,1,3,22196,3,83
551,0,3,3,14798,3,601
344,0,2,9,14798,8,174
327,0,5,8,14798,7,141
202,101,2,4,56060,5,150
377,0,2,4,22196,4,315
339,0,2,2,22196,1,116
180,0,1,2,22196,2,177
394,0,3,7,14798,7,290
174,1,2,2,56060,2,43
177,1,2,2,56060,3,181
426,0,3,1,22196,1,121
254,0,4,7,22196,8,238
248,0,4,4,22196,4,125
296,4,2,5,14798,5,127
475,24,2,0,22196,0,470
270,1129,3,4,56060,5,126
390,136,1,1,22196,1,401
355,1011,4,4,22196,4,405
369,0,2,8,14798,9,110
311,1,2,3,56060,3,171
389,7,3,3,56060,3,111
468,0,3,6,22196,5,265
293,0,2,1,22196,1,142
507,0,2,6,14798,5,321
409,0,2,6,22196,5,157
386,0,1,7,14798,7,132
132,0,3,9,56060,9,85
353,0,1,5,22196,4,343
495,0,2,2,22196,2,125
268,1,3,6,22196,7,226
316,0,2,2,56060,2,148
417,0,3,7,22196,8,155
204,0,3,0,56060,1,49
550,0,1,7,22196,8,374
363,0,3,5,56060,5,181
348,1,3,2,56060,3,127
415,415,4,8,14798,9,661
226,0,1,2,56060,1,119
230,0,2,4,14798,4,172
183,0,3,4,22196,5,210
314,9859,2,4,56060,5,164
307,139,2,5,56060,7,227
375,0,3,3,22196,2,237
320,0,3,3,22196,3,232
281,0,4,0,56060,0,54
481,0,2,4,14798,3,96
301,1,2,3,56060,2,109
410,0,1,1,56060,1,104
176,0,2,5,22196,4,107
154,1,4,1,56060,1,84
270,0,3,0,22196,0,95
579,0,1,7,14798,8,651
363,0,2,8,14798,7,302
80,0,3,1,56060,1,58
147,0,2,3,56060,4,77
356,0,2,4,22196,3,118
305,4,1,5,22196,5,145
450,14,3,3,22196,4,392
189,0,1,4,56060,6,100
538,0,3,10,14798,10,292
223,0,4,6,56060,5,105
276,0,4,0,22196,0,94
283,0,1,2,22196,3,208
142,9,3,3,56060,1,98
352,0,1,6,22196,6,125
274,0,2,3,56060,2,213
271,0,3,8,56060,9,163
343,9,2,3,22196,3,296
173,1,3,5,56060,5,79
354,0,2,8,22196,8,142
444,0,1,2,22196,2,373
403,0,1,5,22196,5,106
187,0,1,11,22196,11,118
195,0,2,2,22196,2,125
409,0,5,2,56060,3,296
455,1,1,7,22196,8,162
189,0,2,5,22196,5,127
566,1,2,9,14798,9,330
312,0,6,3,56060,3,236
182,8,2,5,56060,4,65
9,0,1,1,56060,1,29
419,0,3,1,22196,1,379
343,0,2,6,56060,5,244
406,2,5,8,14798,10,231
376,0,1,5,22196,5,82
300,4,6,3,22196,4,93
429,47,2,8,22196,7,192
123,0,3,5,22196,3,60
489,0,2,6,14798,5,190
301,0,4,10,22196,11,251
69,0,1,2,56060,3,145
261,0,2,5,22196,4,197
241,1,5,5,22196,5,77
102,1,4,5,56060,6,104
377,0,4,4,22196,4,478
315,1,3,2,22196,2,179
464,0,3,3,22196,3,161
408,0,2,4,14798,3,372
260,10,2,4,56060,3,109
274,0,2,3,22196,4,137
456,12,7,3,22196,4,406
301,0,3,3,14798,2,109
187,4,2,4,56060,3,130
257,1,3,4,56060,4,106
249,0,2,1,22196,1,94
210,0,2,1,56060,0,68
296,4,3,3,22196,3,126
212,0,3,2,22196,2,134
237,0,2,3,56060,3,184
174,0,3,2,56060,2,65
421,0,1,1,56060,1,79
324,138,2,5,56060,4,177
321,6,2,3,56060,3,60
266,0,2,1,14798,2,106
133,72,2,5,56060,5,125
169,0,2,4,56060,5,102
463,0,2,4,14798,3,140
428,1,4,9,14798,8,212
250,1,4,1,56060,1,136
319,1,1,2,22196,3,102
273,0,1,3,14798,4,177
337,2,2,2,22196,2,77
169,2,1,3,22196,3,79
305,3,2,4,22196,3,128
351,0,3,0,56060,0,156
172,0,2,3,22196,4,137
471,0,2,7,14798,7,185
504,3,1,8,22196,9,659
303,3,2,5,22196,5,144
330,2,3,7,14798,7,187
367,5,4,5,22196,6,182
417,0,4,7,14798,7,215
366,0,2,4,22196,4,199
340,2,2,3,56060,2,85
360,0,5,6,22196,7,257
269,1,4,1,22196,1,229
394,0,3,11,22196,10,280
169,4,1,5,22196,6,53
262,0,3,1,56060,1,115
357,0,3,2,56060,2,205
280,0,1,5,22196,5,146
426,0,2,11,14798,11,942
380,0,1,4,22196,5,123
226,0,1,0,22196,0,180
447,0,2,6,14798,6,315
513,5,2,7,14798,8,350
388,0,2,4,14798,4,182
438,0,4,4,22196,4,228
189,4,2,2,56060,2,111
-49,0,2,4,56060,4,32
424,0,3,2,14798,2,336
344,1,5,5,56060,4,127
224,36,2,2,56060,3,144
56,0,3,13,22196,12,98
100,0,1,1,56060,1,45
-22,1,2,5,56060,5,169
646,1,2,7,14798,6,282
343,0,1,8,22196,7,135
127,0,1,3,22196,2,161
293,0,2,9,22196,7,158
477,0,2,9,14798,8,389
235,2,3,5,22196,6,113
287,5,4,2,56060,2,140
217,0,4,3,56060,3,91
680,0,2,3,14798,4,427
135,0,3,2,56060,2,32
170,3,2,5,56060,6,108
281,3,1,4,22196,3,183
55,0,5,4,56060,4,42
326,0,1,2,56060,2,59
157,0,2,3,56060,3,108
477,0,4,7,14798,7,321
552,0,2,5,14798,4,342
274,0,2,2,22196,2,197
365,84,2,4,56060,4,141
454,0,3,3,14798,2,295
180,0,1,1,56060,1,125
357,16,9,11,14798,11,258
528,0,3,2,22196,3,410
391,0,4,4,22196,3,57
368,0,2,1,56060,1,179
359,2,3,1,22196,1,207
514,0,2,2,22196,2,175
154,0,1,4,22196,3,157
174,0,4,6,22196,7,89
488,0,1,6,14798,5,214
325,16,6,3,56060,3,117
523,0,3,3,14798,3,280
191,1,2,6,22196,6,149
266,2,1,5,56060,5,236
259,0,2,3,56060,4,66
597,21,2,5,22196,5,364
257,0,3,7,22196,8,158
393,1,4,2,22196,2,150
403,0,5,2,22196,1,311
207,17,3,9,22196,10,143
321,0,4,2,22196,2,148
334,1,2,7,56060,7,170
390,0,5,5,22196,6,145
212,0,2,10,22196,10,138
349,0,2,3,22196,3,263
330,13,4,4,56060,4,204
249,0,1,4,22196,3,157
67,0,4,5,22196,4,62
274,0,3,7,56060,6,223
216,0,2,1,56060,0,124
369,0,2,5,22196,5,61
292,0,6,4,14798,4,268
294,6,1,9,56060,9,100
157,1,2,1,56060,1,59
477,0,2,4,14798,3,323
528,14,4,5,22196,4,308
194,2,1,6,14798,5,74
279,0,2,2,22196,2,199
166,0,2,9,56060,9,52
306,0,2,3,56060,4,150
534,1,3,12,14798,12,353
160,0,3,1,56060,0,73
359,0,2,2,56060,2,98
311,1,2,6,22196,6,307
432,0,1,5,22196,6,265
310,0,2,11,22196,10,318
262,0,2,7,56060,8,358
644,1,4,5,14798,5,605
506,0,3,6,14798,7,276
363,0,2,4,22196,5,129
378,0,2,7,14798,7,288
394,1,5,2,22196,2,481
241,4,3,2,56060,2,247
94,42,7,7,22196,7,208
153,0,2,5,22196,5,91
348,0,5,3,22196,3,154
413,155,3,3,56060,2,109
285,0,4,4,56060,4,105
223,9,3,12,22196,10,188
462,0,3,7,22196,7,292
215,0,1,2,56060,2,121
242,0,2,7,56060,7,168
528,1,1,5,22196,6,134
402,2,1,5,22196,5,202
211,0,4,3,22196,3,216
225,0,2,7,56060,6,96
265,0,1,8,14798,7,339
286,1,4,4,22196,4,132
246,0,5,3,22196,3,117
248,0,5,3,56060,2,171
487,0,4,8,14798,8,456
471,0,2,7,22196,6,149
437,0,2,2,56060,2,230
302,0,1,2,56060,1,183
342,10,2,3,56060,4,163
206,1,3,5,56060,7,131
358,0,1,5,14798,5,307
269,0,5,4,56060,4,238
192,0,4,6,56060,5,78
358,0,2,9,14798,9,217
299,0,3,3,22196,3,64
262,5,2,5,56060,5,282
223,0,5,2,56060,2,96
303,1,2,1,22196,1,233
400,1,3,7,14798,7,123
177,0,2,2,56060,3,59
416,187,1,7,22196,7,213
327,0,2,10,14798,10,240
-50,0,2,1,56060,1,34
486,1,2,4,14798,5,432
157,0,2,6,56060,7,118
455,66,3,2,22196,4,253
533,0,4,3,14798,4,230
520,0,3,2,22196,2,259
137,0,2,4,56060,4,113
245,1,3,6,56060,6,154
-2,1,3,3,56060,3,39
336,0,1,0,22196,0,184
408,0,1,7,22196,6,282
112,0,1,4,22196,4,114
296,1,3,1,56060,2,104
265,4,1,8,22196,7,275
214,0,2,4,56060,4,90
219,2,4,1,56060,1,78
287,0,3,4,22196,4,215
197,0,2,1,56060,1,47
356,0,2,1,56060,1,90
387,0,3,2,22196,2,226
25,2,2,4,56060,5,106
426,0,2,4,14798,4,175
218,0,1,4,22196,4,78
233,0,1,3,56060,3,111
263,28,2,4,56060,4,196
180,0,2,1,56060,1,63
270,4,1,6,14798,5,139
357,0,6,1,22196,2,118
457,1,3,5,22196,5,290
185,0,3,3,56060,3,86
139,1,6,11,56060,11,78
275,0,2,12,14798,11,180
236,4,1,3,22196,4,71
192,0,2,1,56060,1,59
149,0,4,5,14798,4,117
459,0,3,6,22196,6,215
260,0,2,3,22196,3,136
305,0,3,4,22196,5,186
375,0,2,1,22196,1,190
266,0,2,3,22196,3,163
249,0,2,3,22196,4,61
170,15,2,10,14798,10,81
483,1,5,5,14798,5,461
201,1,3,4,56060,5,76
196,0,1,0,22196,0,103
348,0,2,5,14798,6,219
459,2,1,5,22196,5,725
121,0,3,3,22196,4,159
374,0,4,2,22196,2,180
387,0,3,2,14798,2,214
267,0,2,3,22196,3,128
180,4,2,4,56060,3,66
85,1,1,3,56060,3,94
123,0,1,3,56060,3,93
131,0,3,3,56060,3,165
356,0,1,2,22196,1,108
174,0,4,3,56060,4,213
504,7,2,4,14798,5,394
162,0,1,9,56060,10,231
335,0,1,2,22196,2,196
130,2,2,5,56060,6,112
304,4,3,3,14798,4,445
235,0,2,4,14798,4,211
127,0,2,3,56060,4,173
441,0,4,7,14798,9,293
248,24,1,3,56060,2,132
247,0,5,2,22196,3,115
376,1,1,5,14798,4,146
427,47,10,7,22196,9,274
418,1,6,8,22196,10,320
281,1,4,2,56060,2,200
200,0,5,3,22196,2,95
255,4,1,2,56060,3,97
214,0,2,5,22196,5,120
219,0,1,7,22196,6,77
535,7,2,4,22196,4,570
333,0,4,3,22196,2,150
482,0,2,4,22196,4,334
477,16,2,6,14798,6,402
424,0,3,8,22196,11,123
415,0,3,3,22196,2,218
268,11,2,6,22196,6,115
516,0,2,7,56060,8,189
90,0,3,5,56060,5,73
295,1,1,4,22196,4,227
427,0,2,4,22196,4,161
570,0,2,3,14798,3,414
211,0,4,3,56060,3,178
262,0,2,8,22196,8,125
172,4,1,8,22196,7,65
181,0,3,9,56060,9,98
315,6,2,10,22196,10,191
180,0,2,4,56060,4,63
501,0,1,9,14798,10,189
399,1,3,2,22196,2,166
389,0,3,5,14798,5,218
415,0,4,3,22196,3,302
431,0,5,5,22196,5,154
204,6,2,9,56060,10,57
392,0,3,3,22196,3,135
163,0,3,6,22196,6,78
428,0,2,6,22196,5,202
302,4,3,8,22196,8,137
317,0,3,13,14798,11,186
329,0,3,2,56060,3,114
344,3,2,3,14798,3,173
306,0,1,3,22196,3,123
448,1,2,1,56060,2,194
300,0,3,8,14798,7,179
388,0,2,5,14798,4,167
323,0,3,5,22196,4,121
172,0,2,0,56060,0,48
285,2,3,8,22196,9,122
329,4,2,4,22196,4,254
440,1347,4,9,22196,11,394
456,0,3,5,14798,4,159
332,5,2,0,56060,0,155
329,1,2,4,14798,5,140
153,0,3,3,56060,3,129
274,0,2,5,56060,6,59
263,0,1,3,56060,3,144
-136,0,3,2,56060,1,56
308,4,3,3,22196,2,163
221,1,2,7,56060,8,168
243,0,3,1,22196,1,78
301,0,5,3,14798,3,181
313,0,3,3,22196,3,170
190,0,2,1,56060,1,91
539,1,2,4,22196,5,158
159,0,2,6,22196,5,68
179,1,5,6,22196,5,113
514,0,7,8,22196,8,446
70,0,2,8,56060,8,48
463,0,3,3,14798,3,623
489,0,3,5,14798,5,275
265,0,4,5,22196,4,316
300,0,4,0,56060,0,256
517,0,5,6,22196,6,344
232,0,3,8,22196,9,93
322,109,3,7,56060,6,230
229,1,2,1,22196,2,192
357,41,4,2,22196,2,121
352,0,1,1,22196,1,113
396,0,3,0,22196,0,208
360,0,1,3,14798,4,407
266,4,1,4,56060,3,129
350,2,3,8,56060,8,103
246,0,4,2,56060,3,91
456,0,2,2,22196,2,319
287,0,3,2,22196,1,182
366,1,2,6,56060,6,482
374,0,2,1,56060,1,198
205,0,1,8,56060,8,260
286,0,5,5,56060,4,134
411,0,3,1,22196,0,101
361,1,1,5,56060,5,81
415,0,2,1,22196,1,117
506,0,1,2,22196,2,228
646,3,4,11,14798,11,148
203,38,2,1,56060,1,207
354,27,2,3,56060,3,211
206,0,3,5,22196,5,218
476,0,2,5,22196,4,208
175,10,1,9,56060,9,161
217,1,2,1,56060,1,137
275,9,2,2,22196,1,321
605,23,2,5,14798,6,147
492,0,4,3,14798,3,371
184,0,6,4,56060,4,115
427,0,2,4,22196,4,218
147,1,2,2,56060,1,194
334,2,2,0,22196,0,125
321,0,2,5,22196,6,178
56,0,2,4,22196,3,107
425,0,5,4,14798,4,285
303,0,1,1,56060,1,97
472,0,5,4,22196,4,328
200,0,2,1,56060,1,107
304,0,1,3,22196,3,274
458,0,7,5,22196,5,177
472,0,5,4,22196,5,177
322,0,1,3,22196,2,156
330,0,2,1,56060,1,98
340,0,4,3,22196,3,248
281,20,2,3,56060,3,140
343,0,2,5,22196,4,134
304,3,4,6,56060,6,142
156,0,4,12,14798,11,112
231,1,1,2,22196,2,125
170,1,3,2,56060,3,208
248,8,2,9,22196,8,231
352,0,2,13,14798,14,496
235,0,2,5,22196,4,103
386,0,6,8,14798,9,345
223,0,2,0,56060,0,125
189,0,2,5,22196,6,113
294,0,4,4,22196,4,143
387,0,3,5,14798,5,237
259,12,2,3,22196,3,135
60,1,2,1,56060,1,181
277,0,2,4,56060,4,126
432,141,3,6,22196,7,125
216,1,4,6,22196,6,257
277,3,5,5,22196,5,149
51,8,3,3,56060,3,97
287,0,5,4,22196,4,112
381,0,5,1,56060,1,187
451,3,5,2,22196,3,222
239,0,2,3,22196,3,165
227,0,1,0,56060,0,64
562,0,4,2,14798,2,310
303,8,2,11,14798,12,225
189,4,2,5,56060,4,70
69,2,2,5,56060,5,58
225,0,2,6,22196,5,119
326,0,3,4,14798,5,531
581,0,4,7,22196,8,579
316,0,2,4,56060,4,87
303,0,3,4,56060,4,211
260,0,2,3,56060,3,98
417,0,2,1,22196,1,181
480,0,4,7,14798,6,330
317,0,1,9,22196,9,171
154,30,2,4,22196,4,79
122,0,4,1,56060,1,103
297,0,2,1,22196,1,67
256,3,1,6,56060,7,138
317,1,3,8,22196,8,189
169,0,2,0,56060,0,100
314,0,2,3,14798,3,218
256,10,2,10,22196,10,219
411,0,3,4,14798,3,190
270,0,2,2,22196,1,110
369,0,4,3,22196,4,259
237,0,1,1,56060,1,160
364,0,3,1,56060,1,124
349,0,2,2,22196,3,165
353,0,2,6,14798,7,214
367,0,1,3,22196,3,267
235,13,1,4,56060,4,79
239,0,2,3,22196,3,221
345,0,2,1,22196,2,105
246,1,2,3,22196,2,212
150,151,3,12,22196,13,143
321,0,2,11,14798,10,120
247,0,4,4,22196,3,153
239,609,2,4,56060,5,103
324,0,4,5,22196,6,132
229,0,1,7,22196,8,119
269,1,4,3,56060,3,265
165,0,2,7,56060,6,73
353,0,3,8,22196,9,201
548,6,2,8,14798,8,788
353,0,2,9,22196,8,180
436,0,3,5,22196,4,108
-58,0,3,6,56060,4,77
291,0,2,4,22196,3,148
160,1,3,4,22196,4,145
313,7,3,6,22196,7,179
191,0,2,4,56060,4,102
254,1,2,2,56060,1,150
278,1,4,3,22196,3,88
333,8,1,10,56060,11,120
310,2,3,7,22196,7,254
407,3,1,6,56060,8,554
327,0,1,2,56060,2,80
213,0,2,7,22196,7,197
107,0,2,5,56060,5,83
337,1,1,6,22196,7,187
376,0,2,1,56060,0,281
319,0,2,2,56060,2,104
466,1,3,3,14798,3,226
395,0,2,7,22196,7,234
274,0,1,0,56060,1,232
170,5,1,4,56060,4,234
325,0,3,6,22196,5,122
221,0,1,2,56060,2,91
495,201,6,3,22196,4,375
288,1,2,2,56060,3,158
173,0,2,6,56060,5,90
341,0,3,4,22196,6,175
401,1,1,0,56060,0,84
248,0,3,0,56060,1,67
195,0,1,5,22196,6,75
203,3,4,7,22196,7,167
371,0,2,3,14798,2,161
281,0,4,8,56060,8,128
136,6,2,7,56060,6,50
212,0,2,8,56060,8,199
220,0,5,5,22196,5,95
69,0,2,1,56060,1,120
418,0,2,2,22196,2,170
315,6,1,3,56060,3,117
141,0,3,3,56060,2,64
258,0,9,11,22196,11,158
533,0,1,4,56060,4,450
93,2,3,2,56060,2,114
300,0,2,0,56060,0,111
299,0,3,3,22196,3,177
401,0,2,1,22196,1,217
176,0,4,2,22196,2,208
48,0,2,0,22196,1,100
74,0,6,7,56060,6,174
159,0,2,2,56060,1,81
295,10,3,10,22196,10,230
349,0,1,1,56060,1,104
255,0,3,5,56060,6,83
465,1,1,9,22196,7,214
542,2,2,2,14798,3,220
202,3,1,6,56060,7,106
123,0,2,0,56060,0,127
58,0,2,2,56060,2,88
285,3,2,1,22196,1,208
268,0,3,3,22196,2,107
505,0,3,4,14798,3,316
295,0,3,2,22196,1,155
361,2,4,1,56060,1,198
244,0,7,4,56060,4,95
289,15,2,1,56060,1,115
427,15,4,8,14798,8,199
377,0,1,3,14798,2,117
187,4,1,2,56060,1,97
456,8,2,5,56060,4,319
388,0,2,2,22196,3,184
261,0,1,4,14798,4,108
361,6,3,1,22196,1,341
116,0,4,5,56060,5,161
324,1,2,4,56060,5,65
178,0,2,3,56060,3,135
257,0,3,4,56060,4,50
288,0,2,4,22196,5,132
375,0,1,6,22196,5,195
130,0,3,0,56060,0,118
252,0,1,3,22196,3,106
401,0,1,2,14798,2,123
397,1,1,6,14798,7,301
111,16,2,4,56060,5,106
204,3,1,3,22196,2,168
340,0,5,6,22196,7,334
371,0,3,1,56060,1,211
276,0,1,2,56060,2,105
308,2,2,4,22196,5,141
135,1153,2,3,56060,4,52
114,0,5,4,56060,4,76
218,1,3,2,22196,2,69
392,1,3,5,22196,6,233
561,0,3,5,22196,5,223
522,0,4,4,14798,4,213
288,4,1,1,56060,1,255
484,2,2,2,22196,2,171
247,0,5,3,56060,3,255
281,0,3,9,56060,10,120
262,1,2,3,56060,4,153
267,1,3,7,56060,7,120
90,1,5,6,56060,6,60
377,0,2,4,22196,5,217
132,0,7,6,22196,6,61
448,0,3,3,14798,3,199
322,1,2,5,14798,4,262
216,0,4,4,56060,3,93
458,0,3,6,22196,7,177
292,0,3,2,56060,2,214
76,0,2,0,56060,0,37
155,20,1,1,22196,1,144
306,1,2,1,22196,2,103
110,0,3,1,22196,1,99
310,2,3,2,22196,1,227
136,0,2,1,22196,1,116
419,4,2,8,22196,8,622
412,0,2,6,22196,7,163
342,0,5,7,22196,8,242
412,0,2,2,14798,3,153
101,32,3,4,56060,4,45
205,1,4,8,22196,7,111
314,5,3,1,56060,2,119
179,0,3,5,56060,5,84
64,0,3,6,56060,6,97
94,3,1,5,22196,6,183
118,0,1,2,56060,2,110
299,0,3,4,22196,4,102
382,1,3,4,22196,4,196
151,0,10,5,22196,4,256
366,8,3,6,22196,8,178
477,0,4,4,14798,5,179
319,0,1,7,14798,9,141
325,0,2,3,22196,2,164
288,0,4,3,14798,3,461
283,20,2,4,22196,4,205
365,0,1,11,22196,11,326
264,114,2,3,56060,3,94
442,0,1,2,22196,3,196
298,0,3,0,56060,0,112
199,2,5,3,56060,4,169
535,1,4,3,14798,3,202
247,1,3,1,22196,1,134
119,0,1,2,56060,2,67
241,31,1,5,56060,5,125
542,0,2,5,14798,6,270
255,2,2,2,22196,2,166
457,3,1,18,14798,16,393
220,0,2,4,56060,4,132
296,9,2,10,56060,10,172
385,0,3,7,22196,6,272
433,2,5,4,14798,4,159
272,0,3,5,56060,5,138
446,0,1,1,22196,1,165
340,0,3,2,56060,1,188
261,0,2,3,22196,3,128
77,0,3,1,56060,1,41
278,4,6,9,56060,9,82
463,1,2,5,14798,5,122
338,2,1,4,22196,4,219
249,0,1,3,56060,4,88
330,0,1,6,14798,6,465
247,0,4,6,56060,6,233
363,1,5,11,14798,12,291
356,0,4,3,22196,3,247
501,0,5,6,14798,4,416
299,9,3,8,56060,9,247
294,0,3,9,22196,8,103
195,0,1,2,56060,3,33
322,0,4,1,22196,1,179
381,0,2,2,22196,2,232
558,0,5,5,14798,5,407
358,0,3,2,22196,2,79
400,0,2,4,14798,4,166
578,0,4,2,14798,2,294
428,2,3,5,22196,5,397
123,0,2,11,22196,11,61
258,0,2,2,22196,2,61
421,0,1,0,22196,0,424
183,0,2,1,56060,1,124
432,1,1,9,14798,9,185
253,0,1,10,14798,9,261
349,1,2,3,56060,4,343
310,23,4,7,22196,8,193
285,0,2,3,56060,4,186
391,0,2,2,22196,4,107
173,0,1,7,22196,7,167
137,0,2,3,22196,3,134
437,0,5,3,22196,3,165
295,0,2,3,14798,2,172
35,0,2,0,56060,1,31
224,16,2,6,22196,6,108
242,7,2,4,56060,4,57
389,0,1,2,22196,2,119
335,0,1,8,14798,8,120
327,0,2,5,22196,4,348
156,0,2,4,56060,4,125
495,0,1,5,56060,5,117
443,1,2,5,56060,6,241
393,0,6,9,22196,9,137
221,1,3,3,56060,3,150
630,1,2,9,14798,8,370
239,0,3,7,22196,7,282
226,1,2,2,56060,1,54
237,82,3,12,14798,13,87
282,1,1,1,56060,1,207
210,0,2,1,56060,1,53
333,0,2,8,22196,8,197
278,72,1,5,22196,5,117
332,1,1,5,14798,6,294
454,0,2,3,14798,4,287
352,1,3,3,56060,3,176
406,0,2,6,14798,6,190
284,1,3,3,22196,2,96
123,9,3,9,22196,9,68
355,1,3,4,14798,4,155
-5,27,1,4,56060,4,114
174,0,2,0,56060,0,68
402,0,3,2,22196,1,177
309,0,1,2,56060,2,142
479,5,2,2,22196,2,167
17,0,2,3,56060,4,56
404,0,4,2,14798,2,322
276,1,4,4,22196,3,172
264,0,4,4,22196,4,92
270,1,1,1,56060,1,59
424,0,3,4,22196,4,192
348,0,3,2,22196,3,126
430,1,3,2,22196,2,198
336,0,1,2,22196,1,109
290,3,3,8,22196,7,67
250,0,2,8,14798,9,195
429,0,3,9,22196,8,134
399,0,4,12,22196,11,160
263,0,2,2,22196,2,170
284,1,1,11,14798,9,203
135,0,5,4,56060,5,179
166,0,1,1,56060,0,86
340,0,1,3,22196,3,187
468,0,5,3,14798,2,144
407,0,1,1,14798,1,140
239,0,1,1,56060,1,266
314,0,2,3,56060,4,184
190,7,4,3,56060,3,65
209,0,2,6,56060,6,184
113,0,4,6,22196,5,187
375,0,5,6,14798,6,168
305,0,5,13,22196,13,145
301,0,2,3,22196,3,155
284,0,4,3,56060,4,101
413,1,2,1,22196,2,244
131,0,2,6,22196,6,70
376,0,3,3,22196,3,313
376,0,4,5,22196,7,103
197,0,3,3,22196,4,84
300,0,4,0,56060,0,134
465,0,2,7,14798,7,314
200,0,1,1,56060,1,107
485,3,8,8,14798,7,135
268,0,3,10,22196,10,147
263,0,3,5,56060,3,477
216,0,2,4,22196,4,156
116,0,3,6,56060,6,74
537,0,2,15,14798,13,233
262,0,2,1,56060,1,145
252,42,1,7,56060,6,74
378,0,2,5,22196,5,325
345,0,6,6,22196,6,219
183,0,1,4,56060,5,88
249,0,2,1,22196,1,117
505,0,2,4,22196,4,125
91,0,4,5,22196,4,103
429,0,1,1,22196,1,237
287,0,2,5,56060,5,52
332,0,3,6,22196,6,251
132,0,1,10,56060,9,70
437,0,2,4,22196,4,240
509,0,6,1,14798,1,333
237,0,1,4,22196,4,48
254,11,3,2,56060,3,82
273,0,2,5,22196,3,109
507,14,4,4,22196,4,419
355,0,2,7,22196,6,169
235,0,3,1,56060,1,240
407,0,2,3,14798,3,262
176,0,3,2,56060,2,105
245,3,5,10,22196,12,143
288,16,1,8,56060,9,152
96,3,1,9,22196,9,85
402,0,1,0,22196,1,151
257,0,1,9,22196,9,191
751,0,4,0,22196,0,860
323,6,1,6,22196,6,402
392,2,1,10,56060,11,169
251,10,3,4,22196,4,302
310,0,2,3,14798,3,90
413,9,5,2,22196,2,226
414,0,2,3,14798,4,398
487,0,1,8,14798,8,257
172,2,2,2,56060,2,115
209,5,2,1,56060,2,46
276,0,3,5,56060,6,159
499,6,2,5,14798,5,94
332,5,3,6,22196,5,147
284,2,2,0,56060,0,105
353,0,10,13,22196,13,159
396,0,3,1,22196,1,195
269,0,4,2,56060,2,143
172,6,2,4,56060,4,98
160,7,3,1,56060,1,63
93,0,2,3,56060,2,55
449,10,2,3,22196,2,291
290,0,3,2,56060,2,127
430,0,2,5,22196,6,200
92,1,1,8,56060,7,80
296,0,3,2,56060,1,88
409,31,5,15,14798,15,186
477,2,1,2,56060,2,206
410,1,3,9,56060,10,139
263,57,1,8,22196,7,60
345,1,2,3,56060,4,85
415,0,2,4,22196,5,174
269,0,1,2,22196,2,153
90,0,2,5,56060,3,70
252,0,3,6,22196,5,168
404,2,2,7,22196,7,189
92,0,3,2,22196,2,123
341,38,1,4,56060,4,180
76,1,0,8,56060,7,60
252,1,2,1,22196,2,104
218,1,2,5,22196,4,108
351,1,7,2,22196,2,196
201,0,1,1,22196,2,147
521,0,3,3,14798,4,295
137,18,1,5,22196,6,61
245,0,3,10,14798,10,172
203,0,2,0,56060,1,121
591,0,2,3,22196,4,156
317,0,2,3,22196,3,206
232,1,6,8,22196,7,90
510,0,3,1,14798,1,189
167,0,1,3,56060,3,57
349,0,2,4,22196,4,56
545,0,6,11,14798,10,197
320,23,2,10,22196,10,271
318,0,4,6,22196,5,224
339,6,2,4,22196,4,74
271,12,1,5,22196,5,127
325,0,2,4,22196,5,616
199,1,2,7,22196,7,48
424,3,2,11,22196,10,214
275,0,2,7,22196,7,130
333,1,2,0,56060,0,135
161,1,3,1,56060,1,86
223,2,2,3,56060,4,189
327,1,1,11,14798,14,255
364,0,2,3,14798,3,144
246,0,1,7,14798,6,420
230,0,4,7,14798,6,157
244,0,1,3,22196,2,76
190,89,2,9,56060,8,107
201,37,3,9,22196,8,82
424,17,4,4,14798,3,370
539,0,5,11,22196,11,799
79,0,1,1,56060,1,64
509,0,2,2,22196,2,240
209,1,1,10,56060,9,110
284,16,3,8,22196,9,89
295,0,2,3,22196,4,173
265,0,5,4,22196,3,280
228,1,2,2,56060,2,98
421,0,4,1,14798,0,164
127,0,3,4,22196,4,107
196,0,5,0,56060,0,66
383,0,1,6,14798,5,240
390,0,5,10,22196,8,198
203,1,4,9,56060,7,76
543,3,4,9,14798,9,200
218,37,3,6,56060,6,157
158,2,1,3,56060,3,56
264,0,1,6,22196,7,115
436,0,4,3,22196,4,199
376,0,1,3,22196,3,595
159,37,3,7,56060,7,72
579,0,7,4,22196,4,225
50,0,2,3,22196,3,81
163,32,3,9,22196,9,197
354,0,5,2,56060,3,109
307,0,2,5,22196,6,261
393,1,2,3,14798,3,274
408,0,5,0,22196,0,373
417,0,2,3,14798,2,217
424,0,2,5,14798,5,190
428,0,2,6,14798,7,423
168,0,1,3,56060,2,139
302,0,3,7,14798,6,247
368,1,3,6,14798,7,300
163,0,1,2,56060,2,94
180,0,3,1,56060,1,47
172,28,3,10,56060,10,89
301,1,1,10,56060,11,205
104,28,5,9,56060,8,124
386,0,1,7,14798,6,216
63,15,1,11,56060,10,38
298,0,2,3,56060,3,157
324,0,1,4,22196,4,134
20,0,4,3,56060,3,36
369,0,3,2,56060,2,98
202,0,2,6,22196,7,94
449,0,2,3,14798,3,322
526,0,3,5,22196,5,287
294,1,3,5,56060,5,80
356,2,2,3,56060,3,109
308,0,1,0,56060,0,96
337,0,2,3,22196,3,235
283,0,2,2,22196,2,102
178,21,3,1,56060,1,65
312,0,5,2,56060,2,186
389,0,3,2,56060,2,112
253,1,2,4,56060,4,167
516,0,1,6,14798,7,649
422,0,3,14,14798,13,435
325,0,1,7,22196,7,128
264,8,2,3,14798,2,118
265,23,5,7,56060,7,70
306,7,4,2,56060,2,260
143,0,4,4,56060,5,97
266,0,4,9,14798,9,194
299,0,3,4,22196,3,82
246,0,6,6,56060,7,125
323,2,2,8,22196,9,150
344,2,2,1,22196,2,68
117,0,4,2,22196,2,98
499,30,1,4,22196,4,182
322,9,3,3,56060,3,298
193,0,2,3,22196,2,107
196,2,2,2,22196,1,79
207,0,8,1,22196,1,122
323,1,1,5,14798,4,116
410,0,5,9,14798,8,220
426,7,5,4,22196,5,341
600,0,3,4,14798,4,549
563,4,4,22,14798,22,490
579,0,1,5,14798,5,310
214,0,4,5,56060,5,111
333,0,1,4,56060,4,217
166,2,2,8,22196,9,94
236,0,3,3,22196,4,253
147,0,2,7,56060,7,105
325,4448,1,6,22196,6,126
173,5,2,7,22196,7,186
336,0,2,3,22196,3,115
218,0,3,3,56060,3,167
168,0,2,1,56060,2,46
330,0,3,2,14798,2,220
300,0,1,4,56060,6,179
222,0,3,5,14798,5,148
611,0,3,6,14798,5,253
462,1,3,4,14798,4,286
199,0,5,10,22196,10,128
222,1,2,6,22196,6,237
278,0,3,2,56060,3,182
212,1,2,7,14798,7,252
245,10,2,7,22196,8,147
266,0,2,4,22196,3,231
467,0,5,2,22196,2,207
467,12,2,1,22196,1,140
509,0,4,2,22196,2,265
324,0,3,9,14798,9,446
248,0,4,2,14798,3,69
321,0,1,10,22196,10,435
262,0,2,5,22196,6,223
358,0,3,2,22196,2,150
423,0,2,4,14798,5,107
328,0,4,7,14798,7,273
29,0,1,5,56060,5,64
394,0,4,4,22196,4,297
29,0,2,0,56060,0,52
359,16,2,3,22196,3,151
385,0,2,3,56060,3,131
258,0,3,2,22196,3,151
283,1,2,3,22196,4,229
139,0,2,8,56060,7,93
250,1,4,3,22196,4,112
429,5,1,5,22196,5,131
156,105,2,4,56060,5,95
355,0,2,2,22196,2,194
77,0,3,5,56060,6,63
299,0,3,1,22196,1,176
427,0,2,5,14798,4,164
379,1,5,4,22196,4,251
392,0,3,4,56060,4,135
161,0,2,13,22196,11,68
340,0,3,5,22196,4,170
235,0,3,6,22196,7,122
127,0,2,0,56060,0,119
319,0,4,2,22196,3,81
358,0,1,1,22196,1,232
390,0,3,3,22196,2,113
375,0,3,5,22196,4,176
194,0,3,5,22196,5,117
368,0,4,1,22196,1,130
293,0,1,3,56060,4,218
423,0,3,4,56060,4,254
132,41,3,4,22196,3,162
354,25,4,6,22196,6,178
448,5,2,1,56060,1,171
299,28,3,3,56060,3,99
456,0,2,2,22196,2,271
167,1,6,5,56060,5,90
529,1198,3,7,14798,8,600
270,1,3,6,14798,6,206
317,0,2,3,22196,4,159
392,1,5,3,14798,3,320
460,5,9,4,14798,4,186
315,0,5,4,22196,3,114
188,0,2,1,56060,1,54
370,2,2,7,56060,6,124
302,0,6,11,14798,11,118
217,1,2,0,56060,1,60
355,0,5,3,22196,4,259
474,0,2,5,14798,5,269
119,0,1,1,56060,1,92
169,0,4,2,22196,1,122
345,0,1,5,22196,5,253
300,0,4,4,14798,4,426
323,118,1,1,56060,1,75
150,1,2,2,56060,3,80
406,0,4,1,14798,2,273
333,0,2,2,22196,3,174
354,0,2,2,56060,2,298
303,0,2,3,22196,3,119
353,7,2,6,22196,7,241
317,0,4,2,22196,3,185
249,0,1,0,56060,0,114
393,1,3,7,56060,6,90
512,0,2,4,22196,5,243
451,1,3,5,22196,6,314
-156,0,2,3,56060,3,44
341,3,2,9,56060,9,184
436,4,1,10,22196,11,307
260,188,5,4,56060,4,75
304,0,4,6,14798,6,290
471,1,2,4,14798,4,236
254,5,1,7,56060,7,175
178,0,2,14,56060,13,148
345,5,3,17,22196,15,335
503,0,4,1,14798,1,161
158,314,3,7,56060,7,83
169,0,1,6,56060,6,72
421,0,3,7,22196,6,480
487,0,2,7,14798,7,232
433,0,4,9,14798,7,179
102,0,1,1,56060,1,69
284,8,3,8,22196,8,219
459,0,5,1,22196,1,193
260,0,1,5,22196,5,254
284,0,3,1,22196,1,139
194,0,5,7,22196,7,134
482,2,4,2,14798,2,329
286,0,1,5,22196,5,171
219,0,3,6,14798,6,109
16,1,1,3,56060,3,51
311,2,1,9,22196,7,270
420,0,1,2,22196,2,188
301,0,2,7,56060,7,220
83,2,7,2,56060,1,50
396,0,2,5,22196,4,187
399,0,2,1,22196,2,501
435,2,2,1,22196,0,262
271,3,4,2,56060,2,180
268,0,2,4,22196,4,134
555,0,2,2,14798,1,316
470,0,3,5,14798,4,323
221,0,1,7,22196,9,143
246,0,4,3,56060,3,129
318,0,2,4,22196,3,198
344,0,3,7,14798,6,285
205,16,3,4,56060,4,224
124,0,2,2,56060,2,68
328,1,1,5,22196,7,204
333,3,3,6,22196,5,142
481,9,1,6,14798,7,381
343,0,1,5,22196,5,288
331,17,3,6,56060,6,125
193,79,7,19,56060,19,149
541,0,3,7,14798,8,121
360,0,2,4,22196,6,144
118,0,3,2,22196,1,114
94,0,1,2,56060,3,56
295,0,2,4,22196,3,53
215,72,4,5,56060,5,140
422,0,1,2,22196,3,195
393,0,2,10,22196,9,122
128,5,3,2,56060,1,79
268,0,2,2,22196,2,49
304,1,3,2,14798,2,267
309,3,3,3,22196,3,75
210,30,2,3,56060,5,74
466,0,2,2,56060,2,151
367,0,2,1,22196,2,165
245,0,2,1,22196,1,234
360,4,3,4,14798,4,125
420,0,5,2,14798,1,176
170,0,2,6,14798,5,111
234,108,2,6,56060,6,186
153,0,1,5,22196,4,88
404,0,2,10,22196,9,452
169,0,4,4,22196,4,192
264,0,2,2,56060,2,69
271,0,2,0,56060,1,80
394,31,2,5,56060,6,167
220,0,2,1,22196,2,276
374,23,3,2,22196,2,128
234,0,2,5,22196,5,167
479,0,2,5,22196,5,134
340,1,1,4,22196,4,213
207,0,4,5,56060,4,89
381,51,4,11,22196,9,108
77,0,1,1,56060,1,64
211,0,1,2,56060,2,64
251,0,1,0,56060,1,76
197,12,3,5,56060,5,65
309,0,4,7,22196,8,111
345,1,3,3,14798,2,129
236,0,3,2,22196,1,233
439,1,4,2,22196,3,376
215,0,2,3,22196,4,127
297,98,3,7,14798,6,158
263,10,1,0,56060,0,88
481,0,2,4,22196,5,255
469,6,7,5,14798,6,557
290,0,1,0,22196,0,122
331,3,2,8,22196,9,322
69,2,4,2,56060,2,79
487,1,1,3,22196,4,266
364,7,5,5,22196,6,130
169,0,5,8,56060,7,273
399,1,6,1,22196,1,134
149,3,2,5,56060,5,84
373,0,3,3,22196,3,140
198,0,5,8,22196,7,243
444,0,3,1,22196,1,200
195,0,5,2,22196,2,91
462,0,1,2,56060,1,188
516,2,2,10,14798,10,540
238,0,2,3,56060,3,55
350,0,2,4,56060,4,117
403,5,2,12,22196,10,118
381,59,5,1,56060,1,333
386,0,2,4,22196,4,112
368,0,1,4,22196,3,133
280,1,2,5,56060,5,229
220,2,3,5,22196,4,93
351,1,1,3,56060,3,222
219,0,6,3,22196,3,100
306,0,3,1,56060,0,169
140,0,3,5,56060,6,203
437,0,2,6,14798,6,154
137,0,1,6,22196,5,213
202,0,6,8,22196,8,107
312,1,1,6,56060,7,117
224,0,2,6,22196,5,138
452,0,1,4,22196,4,164
411,0,3,3,22196,3,156
369,0,2,5,14798,5,143
186,1,2,6,56060,7,229
357,0,7,1,22196,0,160
31,8,4,7,56060,6,57
423,0,2,6,22196,5,129
418,570,4,8,22196,10,216
303,0,2,8,22196,10,224
329,0,3,2,22196,2,168
295,1,3,5,22196,6,144
207,0,3,6,22196,8,78
233,0,2,6,22196,6,165
447,0,2,8,14798,9,216
483,1,3,14,22196,15,427
270,1,3,4,56060,5,123
304,0,1,2,56060,1,89
356,0,2,0,56060,1,138
277,2,2,2,56060,1,163
252,0,4,4,22196,3,165
273,1,5,11,56060,11,162
479,0,1,3,22196,3,173
34,0,4,2,56060,2,84
172,0,8,6,56060,6,140
433,0,2,2,22196,3,240
578,1,2,1,14798,2,198
180,0,3,1,56060,1,61
354,1,4,4,14798,5,195
140,0,3,6,22196,6,59
322,4,2,1,56060,2,127
83,0,2,3,56060,4,36
96,0,2,8,56060,8,111
439,0,6,13,14798,14,275
443,1,1,5,22196,5,97
333,0,3,7,22196,7,211
154,0,1,0,56060,0,102
179,0,4,3,22196,2,45
381,0,2,7,14798,7,229
437,0,2,1,56060,1,95
274,0,2,6,22196,5,108
275,0,1,5,22196,5,93
323,0,1,3,22196,4,373
166,0,2,4,56060,4,115
399,0,3,4,22196,4,304
296,0,1,4,22196,3,149
102,1,3,7,22196,6,72
196,1,1,3,56060,3,99
493,0,4,3,14798,2,185
465,0,4,8,22196,7,161
572,0,5,3,22196,4,162
454,0,2,8,14798,8,476
360,0,3,9,22196,9,246
297,0,2,6,14798,6,346
285,2,2,3,22196,2,168
282,38,1,3,22196,3,154
362,14,1,10,22196,9,122
215,10,2,2,22196,1,129
371,1,3,2,22196,2,334
509,1,3,3,14798,4,179
48,0,3,2,56060,2,92
390,0,1,5,22196,5,187
305,1,3,4,22196,4,191
412,0,5,9,22196,9,190
412,0,3,1,14798,1,320
330,0,1,6,22196,6,328
508,0,1,3,22196,3,156
138,0,3,4,56060,4,151
428,0,3,3,22196,2,179
301,0,1,3,22196,3,97
252,0,2,5,22196,5,316
345,0,7,8,22196,6,281
173,3,1,5,22196,5,178
354,0,2,3,22196,3,316
310,1,2,5,14798,5,308
349,0,5,7,22196,7,102
408,7,4,5,22196,3,134
230,2,4,2,56060,2,231
116,0,5,3,56060,3,84
162,24,2,4,22196,4,92
510,0,5,6,14798,6,278
214,0,1,1,22196,1,167
289,4,3,0,56060,0,167
139,0,1,7,56060,7,148
369,0,1,6,14798,7,275
323,0,3,3,22196,4,396
434,21,3,8,22196,8,204
193,3,3,4,22196,3,57
72,0,3,9,56060,10,88
309,0,1,4,22196,4,131
263,0,3,2,56060,2,86
68,0,2,8,56060,8,65
301,14,2,7,22196,8,92
46,6,1,4,56060,3,37
312,0,5,1,22196,1,202
370,0,4,4,22196,4,239
589,0,3,10,14798,11,853
123,2,2,10,56060,11,43
267,0,2,0,56060,1,166
225,0,2,3,22196,2,162
464,0,1,6,22196,6,142
304,0,2,5,22196,4,273
482,0,3,5,56060,5,216
335,0,2,6,22196,6,192
332,2,2,9,22196,10,152
249,0,5,7,22196,7,192
399,0,2,7,22196,7,321
97,1,3,0,56060,0,60
194,23,3,9,22196,8,196
230,0,2,5,22196,4,67
279,0,2,5,22196,4,151
166,0,2,5,22196,5,95
353,0,5,9,14798,7,194
368,0,2,3,22196,3,85
442,2,2,6,22196,6,696
339,0,1,7,22196,7,216
342,0,1,5,14798,4,180
340,8,3,4,56060,4,171
402,0,4,5,56060,5,70
327,0,2,3,22196,3,78
421,0,3,7,22196,7,281
380,0,3,5,22196,4,163
391,0,2,4,14798,4,194
397,0,5,5,14798,5,117
239,0,1,0,22196,0,85
308,7,4,3,22196,3,281
263,0,1,1,56060,2,39
98,5,3,17,22196,16,202
304,0,2,8,22196,8,418
293,0,4,2,56060,2,141
383,0,4,2,56060,2,185
440,0,2,5,22196,5,192
303,0,2,8,14798,8,291
333,2,2,8,22196,8,197
215,2,4,12,22196,12,115
241,7,1,4,56060,4,138
503,1,3,12,14798,11,241
235,0,2,12,22196,12,163
185,10,3,13,22196,14,128
303,0,2,4,56060,4,142
428,0,3,11,22196,11,186
254,1,2,5,56060,5,145
223,11,2,6,22196,5,196
394,0,2,3,22196,3,155
399,4,4,8,14798,7,192
134,0,3,5,22196,5,94
178,1,2,2,56060,2,129
361,0,2,2,56060,2,169
235,0,1,3,22196,2,121
266,1,2,1,56060,1,84
431,4,3,0,22196,0,141
301,0,1,3,56060,3,125
210,0,3,4,22196,4,190
381,0,3,1,14798,0,249
364,23,3,7,22196,8,242
249,2,2,5,56060,7,63
285,1,2,6,14798,6,390
536,0,2,3,14798,2,242
223,2,1,5,56060,4,198
451,1,6,6,14798,6,371
86,1,3,5,56060,5,227
311,0,1,5,22196,5,158
266,0,4,7,56060,7,113
547,2,3,8,22196,9,343
174,0,4,3,22196,3,147
501,1,7,6,14798,7,449
229,1,1,4,56060,5,212
314,1,2,6,22196,6,111
424,0,2,1,22196,1,168
451,0,2,2,56060,2,104
391,0,1,8,14798,9,429
266,157,3,3,22196,4,190
171,0,2,12,56060,11,79
290,3,3,8,14798,8,200
240,0,2,1,56060,1,163
212,0,2,6,56060,5,119
58,0,4,0,56060,0,93
247,60,2,2,56060,2,105
279,0,3,1,22196,1,384
319,0,6,7,22196,7,198
240,0,3,2,56060,1,154
155,0,2,12,22196,13,160
194,0,3,5,22196,5,130
241,2,2,4,22196,4,148
410,10,2,4,22196,4,299
43,14,2,5,56060,5,63
307,0,1,2,22196,3,95
146,1,2,5,22196,5,135
376,2,1,9,14798,9,132
478,0,4,2,22196,1,267
46,6,2,8,56060,7,151
5,0,1,2,56060,2,96
271,0,1,1,56060,1,83
252,0,2,4,14798,3,139
371,0,2,4,22196,4,85
176,0,2,1,56060,2,75
148,0,3,6,22196,6,66
392,0,3,2,22196,3,367
287,0,2,6,22196,5,154
151,0,3,9,14798,10,179
398,1,3,6,22196,6,294
307,4,4,8,22196,7,98
401,0,4,4,14798,5,210
448,0,3,3,22196,3,187
194,1,3,12,22196,12,106
403,4,2,3,22196,4,356
172,0,1,2,56060,1,204
467,0,4,8,14798,7,200
166,0,2,3,56060,3,105
564,0,1,5,14798,4,1224
348,0,1,1,22196,1,220
209,0,3,3,56060,3,184
392,0,5,4,22196,4,559
450,0,3,2,22196,2,202
112,0,2,3,56060,2,89
407,1,2,6,14798,6,373
19,0,2,6,56060,6,74
167,0,1,5,22196,5,113
280,0,3,9,22196,7,202
459,0,4,7,14798,8,299
168,0,2,1,56060,1,202
492,0,3,4,22196,4,515
279,0,2,11,22196,12,259
218,0,3,2,56060,1,84
285,0,4,3,22196,4,84
620,0,4,9,14798,9,588
318,1,3,2,14798,2,208
294,0,3,5,56060,7,132
365,429,2,6,14798,7,353
579,1,1,6,14798,6,396
207,1,3,9,14798,8,107
365,2,1,3,22196,3,106
60,1,1,1,56060,0,98
401,0,2,12,22196,11,194
369,598,1,10,56060,9,100
265,0,2,4,22196,2,105
458,1,4,6,14798,5,235
144,0,4,5,56060,5,116
338,0,4,13,22196,12,144
106,0,1,0,56060,0,49
205,22,1,5,56060,5,178
255,0,2,5,22196,6,89
125,1,2,4,22196,5,47
450,0,2,4,14798,3,217
249,2,1,7,14798,6,206
59,0,4,5,56060,6,113
384,2,3,1,56060,1,117
480,1,5,6,14798,6,574
324,0,4,6,22196,6,195
291,5,1,2,56060,4,56
323,13,2,5,14798,6,150
407,0,6,0,14798,0,190
242,1,2,4,56060,5,187
327,0,6,5,14798,5,82
195,0,2,5,22196,4,73
328,0,2,3,22196,3,94
344,0,5,3,22196,3,104
111,0,3,1,56060,1,69
409,0,3,8,14798,7,347
238,1,4,7,22196,8,100
352,0,2,5,22196,5,195
208,0,4,2,14798,2,404
356,0,2,2,14798,1,446
367,0,3,1,22196,1,114
368,43,2,3,22196,3,134
301,0,2,5,22196,6,74
384,4,2,10,22196,10,184
333,0,2,2,56060,2,195
355,0,4,1,14798,3,130
275,0,3,6,56060,7,78
321,1,3,1,56060,1,87
565,0,6,3,14798,3,767
380,0,3,3,22196,3,213
93,4,1,5,56060,4,110
393,5,2,4,22196,4,372
347,1,2,5,22196,5,199
36,7,5,6,56060,5,52
476,0,4,5,14798,6,207
96,0,1,1,56060,1,58
134,0,4,3,22196,3,81
490,0,1,4,22196,5,400
147,0,2,2,56060,3,41
118,0,1,3,56060,2,62
198,5,3,12,22196,11,170
196,0,1,5,22196,6,105
206,0,5,0,56060,0,81
307,3,4,3,56060,4,177
263,0,9,1,56060,1,99
309,0,1,2,22196,1,428
315,0,4,9,14798,10,282
371,0,3,5,56060,4,139
241,0,2,3,14798,3,177
342,0,5,13,22196,12,205
288,0,4,4,22196,4,175
509,16,3,7,14798,7,257
127,0,1,0,56060,0,23
271,0,2,4,22196,4,208
352,0,1,7,14798,7,214
278,0,4,3,22196,3,127
219,0,1,9,22196,10,121
427,0,3,4,22196,4,237
307,0,3,0,22196,0,124
276,0,3,7,56060,6,127
459,33,1,6,22196,6,411
306,0,5,5,14798,5,190
84,3,1,4,56060,5,53
436,0,3,6,22196,6,285
178,2,3,6,22196,6,210
178,0,2,0,22196,1,79
232,0,2,3,56060,3,138
81,0,4,0,56060,0,34
265,162,1,7,22196,7,142
339,1,4,15,22196,14,422
-56,0,2,5,56060,5,30
235,1,3,9,56060,8,96
231,0,3,5,14798,5,124
447,1,3,2,22196,2,176
319,0,1,4,14798,3,266
378,0,2,5,56060,5,113
195,2,2,7,56060,7,54
457,0,5,4,14798,5,359
418,0,2,2,14798,2,117
251,0,4,9,22196,9,261
94,0,1,6,56060,6,95
428,0,3,6,14798,7,356
285,0,2,2,56060,3,146
297,0,1,1,56060,1,63
347,1,3,1,56060,1,106
265,2,3,8,56060,10,69
194,0,1,2,56060,2,60
271,10,2,1,56060,2,127
112,1,2,4,56060,5,94
250,1,1,8,22196,8,122
399,0,1,12,14798,9,102
401,5,3,1,56060,2,170
316,0,2,2,56060,3,85
351,1,3,1,22196,1,243
313,2,2,3,22196,2,121
373,59,3,1,56060,1,116
227,5,7,4,56060,5,159
415,0,2,4,14798,4,137
57,0,3,7,22196,7,109
310,0,3,5,56060,3,105
368,0,4,1,22196,1,198
560,0,4,13,14798,13,203
554,1,2,8,14798,8,369
219,66,2,9,56060,9,196
351,110,8,3,22196,3,376
18,0,2,0,56060,0,53
234,0,3,1,56060,2,126
240,4,2,8,56060,8,123
344,0,2,1,22196,1,159
55,0,3,4,56060,5,118
443,4,2,1,14798,1,214
155,0,1,2,22196,2,96
407,9,3,11,56060,11,127
323,0,2,1,22196,1,227
209,0,1,1,22196,2,57
347,1,2,2,56060,3,134
278,0,3,2,22196,2,260
194,0,3,6,56060,5,112
34,0,1,4,56060,5,122
421,0,3,4,14798,4,287
392,0,3,3,14798,4,179
118,1,3,2,56060,2,182
80,2,2,5,56060,5,54
282,0,4,8,56060,10,119
-45,0,3,1,56060,1,89
250,0,2,2,56060,2,215
-10,0,5,4,56060,3,55
407,2,6,6,14798,6,174
319,0,4,6,22196,6,90
289,1,2,3,22196,3,124
187,0,4,1,22196,1,80
171,0,4,6,22196,5,114
317,0,1,2,56060,2,116
319,2,1,3,56060,3,135
303,2,3,3,22196,3,177
515,0,2,11,14798,11,602
343,0,3,2,14798,3,155
250,0,1,2,56060,2,192
405,1,4,8,22196,9,134
395,0,6,3,14798,3,193
131,0,2,1,56060,2,61
445,0,1,3,22196,3,317
496,3,1,4,14798,4,258
375,0,2,2,56060,2,125
200,0,3,4,22196,5,91
201,0,2,5,14798,5,367
408,0,2,1,22196,0,126
466,0,2,3,22196,2,255
246,0,3,6,22196,5,62
327,0,4,6,22196,5,257
304,0,3,7,56060,5,116
238,0,1,6,56060,5,169
243,3,2,9,22196,8,246
443,0,2,4,22196,2,291
329,1,3,5,14798,6,99
259,0,1,6,56060,6,72
177,0,3,3,56060,3,172
218,0,2,6,56060,6,86
371,0,4,2,22196,1,189
230,0,5,3,56060,4,139
380,0,3,1,56060,1,142
544,1,2,9,14798,9,163
199,0,1,4,22196,4,113
391,0,2,7,14798,8,151
149,0,1,2,56060,2,142
334,1,2,6,22196,6,265
162,0,2,12,22196,12,84
291,0,3,1,22196,1,104
138,0,2,2,22196,2,83
162,2,3,2,56060,3,86
148,0,1,2,22196,2,134
410,0,3,2,22196,2,193
225,0,2,7,22196,8,168
152,0,2,3,56060,2,67
237,0,5,1,56060,1,124
319,0,4,10,22196,10,158
404,0,2,6,22196,6,306
164,0,2,2,56060,1,261
301,0,2,5,22196,6,228
261,0,4,1,56060,2,60
186,0,2,5,56060,6,136
288,0,7,2,22196,2,368
88,0,1,5,56060,5,89
234,0,5,3,22196,3,205
451,0,2,3,22196,3,281
133,0,2,6,56060,7,170
277,1,1,4,22196,4,80
421,271,4,8,22196,9,252
300,0,3,4,22196,4,132
480,0,2,5,22196,6,314
347,0,3,2,22196,2,107
327,0,2,6,22196,5,244
293,0,3,2,14798,1,182
362,0,5,5,22196,6,292
122,0,2,3,56060,2,65
416,0,4,1,22196,2,176
380,0,2,4,22196,5,252
320,0,1,2,22196,3,190
220,6,3,2,56060,2,133
143,0,1,7,56060,8,144
336,1,6,3,22196,3,202
495,0,2,4,14798,3,412
115,15,2,6,56060,7,121
101,2,1,0,56060,0,72
232,1,3,0,56060,0,108
240,0,1,2,22196,2,124
242,0,2,8,22196,8,72
262,0,3,3,22196,3,131
13,0,4,3,56060,3,98
252,0,4,3,22196,3,260
284,0,2,5,22196,5,437
289,0,3,8,14798,9,158
203,0,3,0,56060,0,73
262,0,1,3,22196,4,104
257,29,3,8,14798,9,119
239,0,2,3,22196,4,114
313,0,1,2,56060,2,159
324,0,8,1,56060,1,126
380,0,1,9,22196,9,200
236,0,2,6,22196,6,163
247,6,3,1,56060,1,120
209,0,1,2,56060,2,149
177,10,2,3,56060,3,68
310,0,1,2,56060,2,142
134,0,1,3,56060,4,95
279,0,1,6,56060,6,123
242,9,2,6,22196,7,111
376,0,3,3,22196,3,115
301,7,3,9,14798,8,252
220,0,1,2,22196,2,100
369,0,4,2,22196,2,305
321,42,3,3,22196,3,198
399,0,4,3,14798,4,174
152,0,2,5,22196,4,140
29,41,2,3,56060,2,63
415,0,2,9,14798,9,380
18,7,1,3,56060,4,103
-60,5,2,2,56060,2,45
111,1,2,3,56060,2,66
242,0,3,2,14798,1,180
387,0,5,3,56060,2,404
273,1,1,2,22196,1,100
148,0,2,2,22196,2,186
199,0,2,3,56060,3,91
114,0,2,0,56060,0,56
564,0,3,6,14798,7,341
304,0,2,5,22196,5,84
96,0,2,0,56060,0,47
278,1,2,4,56060,4,132
319,0,4,5,14798,6,150
377,0,3,3,14798,2,149
237,0,1,4,22196,5,132
148,4,3,5,56060,5,41
378,0,2,4,22196,4,292
231,4,2,3,56060,4,168
192,0,1,2,56060,3,100
183,0,3,2,56060,1,122
352,0,1,5,22196,4,96
120,0,8,2,56060,2,72
259,0,3,0,56060,0,129
321,0,2,7,22196,8,205
483,0,2,3,22196,2,552
270,0,1,4,22196,5,215
317,1,2,2,56060,1,136
69,0,2,2,56060,1,87
311,3,1,3,56060,4,120
304,0,2,4,22196,4,97
263,0,3,2,56060,1,112
480,1,2,4,22196,4,281
464,0,1,12,14798,11,489
274,0,5,3,22196,4,176
310,1,2,5,22196,5,205
292,0,2,15,22196,12,190
150,0,2,0,56060,1,152
415,0,4,4,22196,4,813
348,0,3,4,56060,4,163
464,0,4,5,14798,5,359
508,0,3,7,14798,7,374
161,0,5,4,22196,4,190
267,1,2,7,14798,7,160
254,0,2,6,56060,7,120
212,2,2,5,22196,5,127
438,7,3,9,22196,9,272
251,52,4,9,56060,8,134
479,51,6,2,14798,2,222
200,302,4,7,56060,7,102
150,2,3,11,56060,10,100
300,3,2,7,22196,7,147
304,7,4,4,22196,4,267
474,0,5,8,14798,8,182
740,6,7,1,14798,2,379
371,1,1,5,56060,4,113
311,0,2,3,22196,3,269
525,0,4,2,14798,2,230
389,0,4,6,14798,6,901
438,0,2,4,22196,3,292
460,6,1,7,22196,7,151
289,1,3,6,56060,6,82
305,0,3,4,56060,5,288
281,0,3,2,22196,2,133
345,10,2,13,22196,13,463
471,0,2,4,56060,4,259
202,0,11,5,56060,4,158
489,0,10,4,56060,5,257
225,0,2,8,22196,9,197
174,1,2,8,56060,8,66
189,3,3,12,22196,12,91
345,0,3,4,22196,4,97
378,150,6,8,14798,8,265
190,0,4,7,14798,7,260
361,0,3,3,22196,4,246
361,0,3,6,14798,6,492
368,0,3,6,22196,5,119
341,0,4,6,22196,6,203
266,0,2,4,56060,4,222
476,1,3,0,22196,0,135
319,0,2,1,56060,0,153
543,0,2,1,14798,1,242
284,2,2,5,22196,6,204
219,0,3,2,56060,2,94
383,8,4,6,22196,6,298
409,1,4,7,22196,7,185
417,0,1,4,14798,4,288
476,7,2,4,14798,4,232
290,25,1,4,56060,4,174
366,0,2,5,22196,5,91
114,0,1,1,56060,1,53
312,0,2,7,22196,6,254
247,224,2,5,56060,5,117
231,20,2,7,56060,6,81
163,0,1,3,22196,3,105
476,0,3,6,22196,4,171
382,0,3,7,14798,7,257
116,0,1,1,56060,2,61
524,6,3,2,22196,2,297
295,3,5,11,22196,11,293
390,0,3,1,22196,1,126
309,0,3,0,56060,0,105
196,4,2,2,22196,3,104
401,0,3,2,22196,2,159
311,0,3,4,22196,4,100
353,5,2,4,14798,4,272
165,0,2,4,56060,4,68
343,0,4,6,22196,7,250
334,0,2,3,56060,3,120
320,0,1,2,56060,2,112
90,1,2,2,22196,2,84
316,5,2,2,22196,2,134
403,14,2,9,22196,11,359
234,0,5,5,56060,4,131
153,0,3,5,56060,5,75
359,0,2,0,56060,0,313
399,0,2,3,14798,3,207
480,0,2,1,22196,1,190
386,0,1,3,56060,4,175
737,0,2,8,14798,5,546
213,0,2,1,56060,1,78
550,0,3,7,14798,7,432
200,0,2,1,22196,1,108
512,68,2,7,22196,6,139
363,0,5,3,22196,3,102
268,0,3,6,22196,6,109
127,0,2,2,56060,2,114
320,0,3,1,56060,2,142
84,1,1,0,56060,0,83
31,0,2,1,22196,1,104
294,6,3,2,22196,2,91
-22,0,4,2,56060,2,67
348,16,1,9,22196,9,137
237,0,3,8,22196,7,89
249,0,4,4,56060,3,298
223,0,4,2,56060,3,42
367,0,2,6,22196,8,180
360,3,2,4,14798,4,131
364,2,3,1,56060,2,310
454,3,3,3,22196,4,451
226,0,6,0,22196,0,90
188,0,3,2,22196,2,99
75,23,3,3,56060,2,62
187,0,6,3,22196,3,79
320,0,1,5,56060,5,86
259,0,5,2,56060,2,261
307,0,1,1,22196,1,202
288,0,2,4,56060,4,43
496,8,3,5,22196,6,231
377,0,5,4,22196,3,163
188,0,4,3,56060,3,129
268,0,2,6,22196,5,104
331,0,3,4,22196,4,178
68,0,2,4,56060,3,147
345,0,2,3,22196,2,110
400,0,2,6,14798,6,197
409,0,3,3,22196,3,93
413,0,4,3,22196,4,451
377,1,2,1,56060,1,284
242,1,3,6,22196,6,150
141,5,2,4,22196,4,124
396,0,6,4,22196,3,527
152,0,3,4,22196,3,94
41,0,1,4,56060,3,59
310,5,1,4,22196,4,393
528,0,2,2,14798,2,237
411,0,1,6,14798,7,216
502,1,2,7,14798,7,309
136,25,2,2,56060,2,77
269,0,3,5,14798,5,128
289,0,4,6,22196,7,175
437,1,3,7,14798,7,144
397,0,4,2,22196,3,176
129,0,2,5,56060,6,76
254,0,8,3,22196,2,142
310,11,1,3,22196,4,246
397,0,3,1,22196,1,252
214,2,2,8,22196,7,99
385,0,1,9,22196,8,156
384,0,2,5,22196,5,111
405,0,4,7,22196,6,192
266,0,3,5,22196,6,259
310,0,4,6,22196,6,65
319,0,3,6,22196,5,114
231,0,4,2,56060,2,108
219,34,3,1,22196,1,267
368,0,1,4,14798,4,112
348,2,5,2,22196,2,214
279,0,1,7,56060,7,68
278,0,9,2,22196,2,122
420,0,1,2,14798,3,305
222,0,6,3,22196,3,344
214,0,2,0,56060,0,62
233,0,3,3,56060,3,65
320,0,3,1,22196,1,106
230,0,4,5,22196,4,143
330,1,1,1,22196,1,307
294,0,2,8,22196,7,329
479,8,6,3,22196,2,281
161,0,2,2,56060,2,60
270,0,5,8,14798,8,245
464,0,2,4,14798,4,263
242,1,1,13,22196,12,180
255,0,2,2,56060,3,157
138,0,1,0,22196,0,160
437,0,4,6,22196,6,215
277,2,5,2,56060,4,202
145,0,3,1,56060,1,64
270,0,6,10,22196,10,235
259,0,2,2,22196,2,99
240,10,2,4,56060,4,83
278,0,3,4,56060,3,101
333,1,1,5,22196,5,91
360,2,2,5,22196,7,157
344,0,1,4,22196,4,218
330,0,1,2,22196,2,219
430,0,2,1,22196,1,267
392,0,2,1,22196,0,301
219,0,5,2,22196,3,99
287,1,2,6,22196,7,211
257,0,2,5,22196,6,218
351,2,2,6,14798,7,346
276,7,2,2,56060,1,135
217,0,2,3,56060,2,124
374,0,3,5,22196,5,374
178,0,3,5,22196,6,62
42,0,2,4,56060,5,72
251,1,4,6,14798,8,162
206,0,1,2,56060,2,110
400,0,2,1,22196,0,215
155,1,2,0,56060,1,97
251,0,2,1,56060,0,87
112,0,4,3,56060,3,118
264,0,3,12,22196,12,214
253,1,2,5,56060,6,114
371,55,2,2,22196,2,185
167,0,2,5,22196,4,112
492,9,3,3,22196,4,127
450,11,2,4,22196,5,208
221,0,6,10,22196,10,186
108,0,5,5,22196,5,102
474,0,3,4,22196,4,785
244,0,1,4,22196,5,101
279,0,3,3,56060,3,140
337,0,3,2,22196,1,199
310,0,1,9,22196,7,132
280,0,2,7,56060,6,187
283,0,7,5,22196,6,72
163,0,1,3,56060,4,91
274,0,1,8,22196,9,78
145,0,3,3,56060,3,132
357,0,2,3,56060,3,132
211,0,2,5,56060,5,184
319,23,2,7,22196,6,136
118,0,3,3,56060,3,112
83,0,2,8,56060,7,152
273,0,4,3,22196,3,71
290,2,3,4,22196,4,103
367,0,2,7,14798,7,342
192,1,3,5,22196,5,105
360,0,2,7,14798,8,249
306,1,5,5,56060,5,111
371,1,5,0,22196,0,216
237,0,2,1,56060,1,34
328,0,2,3,14798,3,114
156,2,1,8,22196,7,47
282,1,3,16,22196,16,76
296,0,4,2,22196,2,218
256,0,3,2,22196,2,124
316,0,2,4,22196,5,168
378,0,2,3,22196,4,184
314,0,1,4,22196,3,86
308,3,1,7,22196,8,148
265,0,2,4,56060,5,228
190,0,3,6,56060,5,89
407,0,2,3,22196,4,218
457,4,1,1,56060,1,245
169,0,2,2,56060,2,223
293,16,3,3,56060,3,123
243,1,4,5,22196,5,92
242,0,1,2,22196,2,75
160,5,2,9,22196,8,44
171,0,5,8,22196,8,76
222,0,3,4,56060,3,67
334,0,3,3,22196,3,173
295,0,1,2,56060,2,126
261,0,4,10,56060,8,357
133,1,3,4,22196,4,93
391,0,1,1,22196,1,154
442,0,5,4,14798,4,282
-31,0,2,4,56060,3,42
619,0,5,2,22196,2,491
305,0,1,3,22196,3,170
394,0,1,5,22196,6,183
334,1,2,2,22196,2,123
368,0,2,3,22196,3,136
274,0,4,4,56060,3,84
531,1,2,5,14798,5,146
314,0,3,2,14798,1,168
291,0,5,3,56060,3,75
273,3,4,9,22196,8,275
55,0,1,5,56060,6,80
310,0,4,2,22196,3,174
190,0,2,4,56060,4,91
355,1,4,6,14798,6,211
322,6,3,1,56060,2,105
431,0,2,4,22196,4,208
414,1,1,3,22196,3,102
309,0,4,3,22196,3,182
217,0,4,1,56060,1,106
373,1,1,3,22196,4,263
362,0,1,6,14798,5,253
156,0,2,3,22196,4,118
297,1,4,5,22196,5,253
330,0,8,7,22196,5,189
483,0,3,6,14798,4,150
380,0,2,3,56060,3,327
230,0,3,3,56060,3,90
45,0,4,4,56060,5,147
302,0,4,1,22196,1,74
355,0,1,1,56060,1,78
513,480,4,9,14798,9,452
370,1,3,4,22196,4,82
197,0,3,7,56060,9,160
467,4,1,8,22196,8,248
372,3,2,6,14798,7,104
192,20,3,5,56060,6,89
415,3,2,5,14798,5,149
127,0,1,2,22196,2,120
64,0,3,3,56060,3,119
300,0,3,2,22196,2,88
343,0,5,3,56060,3,100
232,0,2,2,22196,1,97
378,0,4,3,22196,4,158
250,0,5,5,56060,4,216
372,9,1,3,56060,4,185
347,0,1,9,22196,8,91
441,0,3,9,22196,9,177
377,3,2,7,14798,8,228
346,0,2,4,22196,5,208
497,1,2,4,22196,4,408
116,15,3,8,22196,6,136
241,3,2,0,56060,0,47
420,0,1,0,14798,1,139
132,0,4,3,56060,3,81
452,0,2,6,14798,6,151
78,0,1,1,56060,1,79
457,1,1,1,22196,1,514
577,7,7,7,22196,7,330
286,0,2,4,14798,4,140
208,1,4,6,56060,5,82
138,0,3,2,56060,1,64
437,0,2,2,22196,1,377
114,0,2,4,56060,4,86
124,0,2,3,56060,3,167
223,10,3,5,22196,5,114
14,4,3,1,56060,0,82
326,2,3,5,22196,6,199
226,0,3,3,56060,3,106
320,0,3,2,22196,2,93
404,0,3,4,22196,4,185
153,0,1,4,22196,3,60
584,0,4,5,14798,5,342
136,0,2,5,22196,5,132
319,1,5,11,22196,13,304
303,9,2,1,56060,1,217
349,0,3,4,56060,5,96
575,0,2,2,14798,2,457
213,7,1,3,56060,3,77
156,0,2,2,56060,2,25
377,0,4,9,14798,8,144
370,4,2,3,56060,3,253
469,0,2,2,22196,2,203
422,0,2,5,14798,5,125
264,0,2,1,56060,0,102
262,12,3,9,56060,9,109
407,1,1,1,22196,1,439
280,2,4,2,56060,3,169
295,0,1,4,22196,4,245
276,0,4,4,56060,3,170
561,0,6,1,14798,1,225
151,3,2,6,56060,7,206
416,0,2,4,22196,4,138
112,0,2,2,22196,2,79
350,3,3,6,14798,5,443
324,2,2,6,22196,6,98
233,0,3,7,22196,7,123
322,0,3,1,22196,1,129
330,0,4,2,22196,1,121
179,2,2,6,56060,5,85
339,0,3,2,22196,2,246
338,5,2,7,14798,7,231
282,1,3,3,22196,2,122
185,0,3,6,22196,7,89
337,0,1,2,56060,2,134
280,0,6,7,56060,8,86
471,0,5,7,14798,7,172
142,41,1,8,22196,7,279
360,1,5,10,22196,10,130
358,0,1,3,22196,3,184
331,0,5,2,22196,1,81
228,0,3,2,22196,3,198
384,1,3,5,56060,6,241
345,27,3,6,22196,7,335
359,0,3,3,22196,4,125
231,28,1,6,56060,6,93
379,0,3,4,22196,3,139
-69,0,2,3,56060,3,69
510,0,2,5,14798,5,284
372,0,3,2,14798,2,159
581,0,2,6,14798,6,430
173,0,8,5,22196,5,102
443,0,2,7,14798,6,265
262,0,2,3,22196,3,127
471,0,2,6,14798,5,209
462,0,2,11,14798,11,120
273,1,5,2,22196,2,150
360,0,2,13,22196,13,190
180,1,5,1,56060,1,116
321,0,2,5,22196,5,153
304,1,2,4,22196,4,216
302,0,1,7,14798,7,229
465,1,3,6,22196,7,112
218,10,3,6,22196,6,76
317,0,1,1,22196,1,92
261,0,2,5,56060,4,105
332,0,2,8,14798,7,77
139,3,4,7,22196,6,194
305,18,2,3,56060,2,223
328,0,1,5,56060,5,128
215,0,2,9,22196,8,159
302,0,6,2,56060,2,112
176,15,2,4,56060,4,60
228,2,3,8,22196,7,186
423,1,1,7,22196,7,71
196,0,2,4,22196,5,86
92,0,2,3,56060,3,69
434,0,1,1,22196,1,149
294,6,2,2,22196,1,201
308,0,2,9,14798,10,137
435,0,2,14,14798,14,287
422,0,1,2,22196,2,126
131,1,4,4,56060,4,114
428,0,1,3,22196,3,174
469,0,2,2,22196,2,198
159,0,3,8,14798,7,104
438,1,5,13,14798,11,191
260,182,2,9,56060,8,225
530,0,1,7,22196,7,187
349,8,2,1,56060,2,193
194,0,4,3,56060,3,168
369,3,2,4,22196,5,188
265,1,5,6,56060,7,61
316,0,4,5,22196,5,423
257,1,1,1,56060,2,134
474,5,2,9,56060,10,322
316,0,1,4,14798,5,139
557,3,2,5,14798,5,486
102,0,5,5,56060,6,72
422,1,1,6,14798,6,89
202,0,3,3,14798,4,172
210,0,1,1,56060,0,83
361,1,4,9,22196,9,143
318,1,3,4,22196,4,96
272,5,2,5,56060,5,57
546,0,2,7,22196,7,289
382,0,3,9,14798,10,53
286,0,2,6,56060,6,138
356,620,1,6,22196,6,239
198,7,2,5,56060,5,80
228,0,3,6,56060,6,148
354,1,2,2,56060,2,129
113,0,1,3,56060,3,148
318,0,2,6,22196,5,91
379,0,2,1,22196,1,134
273,0,2,13,14798,13,298
422,6,5,2,22196,1,285
429,1,3,8,22196,9,166
454,0,2,7,22196,7,280
323,0,2,3,22196,3,470
377,97,2,2,56060,1,200
159,1,2,7,22196,7,169
281,56,3,5,56060,6,119
188,0,2,11,22196,11,42
333,1,1,4,22196,4,92
462,0,2,8,14798,8,206
52,7,1,2,56060,3,60
253,0,4,2,22196,2,96
280,0,2,7,56060,7,139
125,0,3,3,56060,3,43
285,1,2,9,22196,7,98
300,0,2,4,22196,4,88
438,0,3,4,14798,3,361
285,0,1,14,14798,12,248
194,0,3,4,22196,4,132
695,12,2,10,14798,10,421
426,11,2,3,22196,3,245
360,0,4,3,22196,3,209
285,0,2,2,22196,2,87
300,0,2,5,22196,5,77
341,0,2,7,14798,7,425
320,0,2,9,56060,9,114
317,0,4,5,56060,4,116
214,3,3,4,22196,4,81
310,0,2,6,56060,6,83
372,1,2,1,56060,1,140
383,0,4,5,14798,5,516
342,0,5,4,56060,4,192
326,2,3,2,56060,2,118
499,0,4,4,22196,3,191
188,1,2,5,22196,4,229
438,0,1,4,14798,4,213
292,0,3,5,56060,6,58
444,16,4,4,22196,4,267
301,0,4,4,22196,4,251
324,2,2,5,22196,5,190
414,0,2,7,14798,7,300
222,0,2,3,22196,3,97
232,3,2,4,22196,4,92
477,0,6,8,22196,7,200
348,2,2,1,56060,1,186
396,0,3,3,14798,2,196
374,0,3,4,22196,4,138
292,0,1,8,56060,7,177
399,0,3,10,14798,11,129
402,0,2,7,14798,8,177
130,0,3,2,22196,2,51
302,0,2,1,56060,1,157
127,7,4,6,56060,6,107
206,0,3,2,56060,2,125
440,0,2,2,14798,3,209
157,0,3,6,22196,6,71
167,0,3,6,22196,6,151
319,0,2,5,14798,6,170
330,0,10,4,22196,6,166
181,6,4,5,56060,5,70
78,0,1,5,56060,5,67
100,5,2,5,56060,5,195
438,1,1,7,56060,7,316
277,0,3,2,22196,2,126
320,0,3,4,22196,3,159
428,0,1,6,14798,6,485
409,38,4,3,22196,3,147
221,1,2,4,56060,3,73
451,0,1,1,56060,2,220
264,0,2,5,56060,5,171
254,0,3,1,56060,2,93
90,5,2,6,56060,6,82
191,5,2,3,56060,2,82
380,0,7,1,56060,2,123
187,1,2,4,56060,3,132
438,0,1,4,14798,5,314
205,2,2,0,56060,0,76
279,0,3,2,56060,2,197
314,1,1,2,14798,2,171
356,58,3,3,14798,3,258
117,2,3,2,56060,1,62
309,0,2,1,22196,1,154
293,0,1,3,22196,2,203
239,1,1,1,56060,1,120
145,16,3,9,56060,10,87
173,0,3,4,56060,3,221
334,2,1,2,56060,2,97
454,0,2,6,14798,6,302
447,0,4,14,22196,16,202
119,2,3,8,56060,7,61
241,0,5,4,22196,3,93
389,0,3,3,22196,4,219
162,1,1,4,22196,5,99
145,0,1,2,56060,2,64
276,1,1,6,56060,7,210
362,0,1,5,22196,5,68
244,0,1,3,56060,2,98
145,0,5,2,56060,1,121
404,0,3,6,22196,6,254
379,0,2,5,22196,5,253
236,0,3,2,22196,1,135
112,0,2,5,22196,5,63
131,1,1,1,56060,1,115
391,0,2,1,22196,2,87
275,0,1,3,22196,3,94
115,5,1,4,22196,4,32
268,0,2,7,22196,8,62
221,0,3,1,22196,1,207
342,1,5,17,22196,18,210
7,1,3,2,56060,2,66
137,0,9,3,56060,3,65
325,0,2,6,22196,6,155
511,4,6,5,14798,5,603
432,0,2,6,14798,6,153
85,0,3,5,56060,4,23
325,0,2,2,14798,1,188
353,1,1,8,22196,8,230
315,0,1,4,56060,4,142
238,0,3,6,56060,6,140
88,0,1,9,56060,7,52
302,0,2,12,14798,14,126
522,1,2,4,22196,4,355
596,0,1,7,14798,8,308
220,0,1,5,22196,5,82
273,0,3,3,22196,3,146
396,0,4,2,14798,2,332
224,0,2,3,22196,2,182
283,0,3,2,14798,2,262
189,0,1,1,22196,1,83
170,0,1,3,56060,2,77
358,0,4,5,56060,4,111
207,0,2,4,14798,3,114
367,2,4,8,14798,8,150
262,3,4,3,56060,4,107
254,0,3,8,56060,7,129
250,0,2,2,22196,2,254
151,6,1,3,56060,3,116
58,0,4,8,22196,9,78
243,1,1,3,22196,3,71
321,0,3,7,56060,6,228
490,3,1,4,22196,3,210
498,0,2,6,14798,7,349
361,0,5,8,14798,9,284
314,0,5,5,22196,5,243
479,2,2,2,22196,1,292
160,0,2,1,56060,2,156
327,0,5,3,22196,2,104
105,30,2,4,56060,5,119
385,0,2,4,22196,4,164
364,0,4,4,22196,5,162
430,0,2,2,14798,2,122
186,0,2,1,56060,1,199
384,0,3,2,22196,2,195
306,1,2,6,22196,5,135
288,0,2,5,56060,5,238
301,0,5,4,22196,5,118
232,0,1,2,56060,2,101
487,1,4,7,14798,8,450
61,0,1,1,56060,2,32
329,0,2,3,56060,4,100
397,0,3,5,22196,4,160
315,0,3,3,14798,4,137
194,0,4,6,56060,6,192
255,1,3,1,56060,1,93
49,0,1,4,56060,4,82
252,50,2,8,22196,7,363
318,1,1,1,56060,2,165
267,0,2,7,22196,6,123
266,0,3,4,56060,3,43
562,1,3,7,14798,9,480
213,0,3,3,22196,3,186
431,0,1,11,22196,11,132
-40,0,2,3,56060,3,53
544,7,2,15,14798,17,776
96,0,1,4,56060,4,71
447,1,3,7,22196,9,184
87,8,1,4,56060,4,77
394,0,2,6,14798,6,303
353,30,3,1,22196,2,168
346,1,2,2,56060,2,142
456,0,2,8,22196,7,292
201,0,3,9,56060,9,128
228,0,2,4,22196,3,189
263,0,1,3,22196,3,107
292,1,2,2,22196,2,113
492,11,3,3,14798,2,150
283,13,3,5,22196,4,163
407,37,1,4,22196,5,258
350,0,2,4,14798,4,149
320,0,2,11,22196,12,244
270,0,3,2,22196,3,88
403,30,4,6,22196,6,562
401,2,3,11,56060,10,224
171,0,2,4,56060,4,96
162,0,3,5,56060,5,62
356,68,2,5,56060,5,121
151,20,3,3,56060,3,112
167,0,2,2,22196,2,74
290,0,2,5,14798,6,120
383,3,1,1,56060,1,154
465,0,2,11,14798,12,156
431,0,4,6,14798,6,371
261,0,5,3,22196,2,291
324,0,1,4,22196,4,195
167,6,1,6,56060,6,101
212,0,2,3,56060,3,172
119,3,1,3,56060,4,126
208,0,2,2,22196,2,108
256,0,1,3,56060,3,98
215,2,2,3,56060,3,144
321,0,3,6,22196,7,195
256,0,3,2,22196,2,362
192,0,2,3,56060,3,54
273,13,4,1,56060,2,181
282,28,3,1,22196,1,121
298,0,2,5,22196,4,131
357,0,5,13,22196,12,157
283,0,6,9,22196,9,301
504,0,3,6,14798,8,273
605,0,4,6,14798,6,226
434,2,2,5,22196,5,272
443,0,2,1,22196,1,227
290,4,3,8,14798,7,154
212,0,2,4,22196,3,131
284,0,1,7,56060,8,114
283,9,3,9,22196,8,108
241,0,1,1,22196,1,85
421,0,3,12,22196,12,169
299,0,2,9,56060,8,139
216,0,4,2,56060,2,146
297,0,1,8,22196,8,106
389,0,3,4,22196,3,173
184,1,2,2,56060,1,121
111,2,3,3,56060,3,80
258,0,1,5,56060,5,88
138,1,1,7,22196,8,161
120,210,2,4,22196,5,154
402,0,2,5,22196,5,140
182,1,2,1,56060,1,57
204,1,1,3,56060,2,216
203,4,1,3,22196,3,52
502,0,2,7,14798,7,349
129,0,2,3,56060,3,172
381,1,2,1,22196,1,191
415,0,2,2,14798,2,176
419,0,2,3,14798,3,314
305,2,2,2,56060,2,155
226,0,1,3,22196,3,111
144,0,1,1,22196,2,72
435,0,2,1,14798,1,125
252,0,4,4,56060,4,53
178,2,1,13,56060,13,56
294,3,1,6,56060,5,113
280,2,2,9,22196,9,257
477,0,2,8,14798,7,307
415,0,3,3,56060,3,147
487,0,4,8,14798,9,226
285,0,4,3,22196,3,140
354,2,1,4,22196,4,468
273,0,2,3,22196,3,43
121,0,4,2,22196,2,114
369,13,2,2,56060,2,102
251,0,2,2,22196,2,197
124,0,1,3,56060,3,33
217,0,3,5,14798,6,172
428,1,3,7,22196,7,247
435,1,2,3,56060,3,189
418,0,3,7,14798,8,237
363,3,4,13,14798,13,156
332,0,3,4,22196,3,160
572,0,1,0,22196,0,138
278,0,1,3,14798,3,124
202,0,1,0,56060,0,87
204,0,3,3,22196,3,160
242,0,2,2,56060,2,87
167,0,1,2,56060,2,63
234,2,1,3,56060,3,133
236,0,1,4,22196,4,184
91,8,2,6,56060,6,61
59,0,2,3,56060,2,98
308,151,1,9,22196,9,121
350,0,4,2,56060,3,93
484,0,3,4,22196,4,97
135,4,4,9,14798,10,72
524,0,3,3,14798,4,357
235,9,2,5,56060,5,86
240,1,3,2,56060,3,283
138,91,5,3,22196,3,57
248,0,2,1,56060,2,62
81,1,2,10,56060,10,88
191,0,3,4,56060,3,117
79,1,2,8,22196,7,176
370,0,4,10,22196,9,118
306,0,2,5,56060,6,79
451,0,4,2,14798,2,349
-43,0,2,2,56060,2,41
226,0,4,1,56060,1,98
295,285,1,14,22196,16,156
363,0,4,4,56060,3,195
566,0,5,6,14798,5,408
280,0,3,2,56060,2,126
297,17,2,5,22196,5,166
365,1,3,7,22196,8,341
332,1,1,0,56060,0,139
98,0,3,3,56060,3,91
222,0,2,4,22196,4,91
159,0,3,2,56060,3,134
278,0,3,2,22196,2,130
364,88,2,5,22196,6,306
191,2,2,2,56060,2,49
321,0,2,3,22196,3,91
244,0,3,6,22196,6,207
404,0,2,2,22196,2,192
77,0,2,1,56060,1,97
11,0,3,5,56060,4,58
205,0,2,3,22196,3,52
488,0,6,5,22196,5,249
50,0,1,1,22196,1,50
259,2,9,6,56060,7,109
296,0,2,5,22196,6,143
260,54,3,6,56060,7,71
315,0,4,6,56060,7,182
177,0,3,4,56060,4,114
255,391,3,9,22196,9,46
120,0,2,1,56060,2,31
390,0,3,4,14798,4,161
175,0,2,5,56060,4,76
256,20,1,1,56060,2,95
479,1,1,4,14798,4,209
349,1,3,8,14798,8,159
203,0,1,2,22196,2,86
217,1,2,7,56060,8,61
366,1,1,5,22196,5,230
308,0,1,6,22196,6,228
346,5,3,3,22196,3,136
333,48,4,11,22196,10,110
273,0,5,4,56060,5,123
262,0,2,5,22196,5,132
377,0,2,1,56060,0,147
182,0,1,4,22196,3,74
297,0,2,0,56060,0,131
189,0,2,7,22196,5,95
225,1,3,10,56060,9,152
302,1,2,5,22196,5,63
272,0,3,3,14798,4,85
356,1,3,3,22196,3,73
374,0,4,6,22196,5,216
294,36,1,2,56060,3,122
340,0,2,2,22196,2,105
254,0,3,9,14798,7,204
177,0,2,2,22196,1,275
231,2,2,2,22196,2,176
383,0,1,4,22196,3,190
183,3,1,3,56060,2,143
323,0,2,13,14798,11,267
182,0,4,7,22196,7,112
467,0,1,3,22196,3,356
259,0,3,9,22196,8,28
323,0,3,4,22196,5,93
359,0,3,6,22196,6,164
370,5,4,4,22196,3,170
147,159,1,2,56060,2,38
596,0,3,5,22196,6,315
232,0,3,2,56060,2,166
247,2,2,1,22196,1,112
393,0,1,1,22196,1,253
289,0,2,2,22196,2,121
127,1,2,5,56060,6,108
264,0,2,6,56060,6,110
186,0,2,4,56060,3,62
188,0,4,3,56060,2,41
466,0,2,1,14798,1,164
157,0,2,5,56060,6,104
205,0,3,7,56060,7,59
332,6,5,2,56060,2,63
318,0,2,10,22196,10,150
324,1,3,4,22196,4,117
389,4,3,4,22196,3,170
344,1,3,7,56060,7,143
416,0,2,3,22196,3,176
155,0,3,1,56060,0,78
319,4,1,11,22196,13,312
179,0,2,4,56060,5,34
416,0,2,3,14798,4,186
302,0,3,2,56060,2,121
210,0,2,2,56060,1,80
228,0,2,6,56060,6,172
297,0,7,9,22196,8,144
372,1,2,3,22196,4,120
238,0,4,4,56060,4,70
284,3,2,5,56060,5,148
267,1,4,5,22196,5,141
372,0,2,7,14798,6,296
210,0,5,4,22196,5,167
225,0,2,5,56060,4,47
212,0,1,6,22196,7,197
462,0,1,4,22196,3,398
464,0,2,2,22196,2,274
117,0,4,8,56060,7,44
380,1,3,14,14798,14,566
294,18,2,13,14798,13,336
64,0,2,3,56060,3,65
204,8,2,4,56060,4,103
364,0,3,4,22196,4,84
385,7,2,10,14798,10,139
394,0,1,10,14798,11,184
204,0,3,2,22196,2,121
319,3,3,1,56060,2,228
289,0,6,4,56060,4,180
243,0,5,3,22196,4,149
268,1,3,1,56060,1,120
223,0,2,4,56060,4,135
232,1,3,6,22196,8,98
388,1,2,2,22196,2,145
340,4,1,5,22196,5,207
285,0,4,5,22196,4,89
286,0,1,7,56060,7,120
219,0,2,3,22196,2,175
232,0,4,2,56060,2,82
402,0,2,6,14798,6,195
393,11,5,5,22196,5,457
145,0,2,1,22196,1,473
453,382,3,2,22196,2,377
216,6,2,10,22196,11,123
229,3,3,11,56060,9,119
162,0,1,2,56060,2,115
332,0,6,2,56060,2,129
473,0,5,4,14798,4,187
281,0,4,3,22196,3,151
345,1,3,7,22196,7,258
409,0,4,7,14798,6,133
494,0,6,7,14798,7,225
323,0,2,5,22196,3,135
281,0,1,3,56060,3,157
245,3,1,7,22196,7,141
487,1,4,2,22196,3,362
132,0,3,6,56060,6,90
180,0,3,3,22196,4,124
433,0,2,5,14798,6,184
310,0,2,4,56060,4,139
280,0,2,10,56060,10,228
51,0,2,1,56060,1,25
366,6,2,8,14798,7,341
322,0,2,4,22196,3,142
295,0,2,5,22196,6,100
235,152,2,7,14798,7,179
145,0,2,5,56060,5,36
137,5,3,6,22196,7,79
608,0,2,0,22196,0,290
577,0,1,5,14798,5,1048
512,0,4,5,56060,4,311
235,1,1,6,56060,5,145
362,0,5,2,22196,3,185
224,0,3,3,56060,3,66
150,1,1,6,56060,5,77
146,0,3,1,22196,1,130
208,0,2,3,22196,4,98
248,4,1,8,22196,8,174
392,0,2,7,22196,8,232
319,0,6,0,22196,0,91
405,0,2,0,22196,1,263
155,4,2,9,22196,8,131
242,4,2,5,56060,7,45
111,0,1,5,56060,4,102
245,0,3,2,22196,3,189
337,2,4,8,22196,8,141
418,0,2,2,14798,2,233
123,0,1,2,56060,2,34
244,5,5,5,56060,5,127
82,0,2,4,56060,3,80
205,0,1,3,22196,2,137
254,15,1,6,56060,6,52
380,1,3,7,22196,9,214
178,0,11,6,22196,7,146
315,0,3,1,22196,1,306
320,1,1,1,56060,1,99
141,1,2,6,22196,6,105
157,0,1,4,22196,3,96
417,7,2,3,56060,4,94
187,0,2,8,22196,7,143
631,1,1,2,14798,2,892
212,0,2,11,22196,10,76
185,0,2,2,22196,2,162
225,1,1,2,22196,2,172
380,56,2,4,22196,3,114
240,0,4,11,22196,12,144
289,0,2,1,56060,1,116
302,0,2,4,22196,3,219
168,1,5,7,56060,6,271
300,0,1,8,14798,8,268
408,1,1,6,14798,5,141
487,1,2,2,22196,2,173
244,1,3,4,22196,5,126
68,0,2,3,56060,3,91
338,0,2,7,14798,7,106
361,7,4,5,22196,5,282
251,0,2,2,22196,2,158
263,0,1,1,56060,1,105
197,0,2,9,22196,9,105
48,1,7,2,56060,2,52
186,0,4,1,56060,1,173
439,1,2,4,22196,5,244
193,0,4,6,22196,6,143
215,0,2,4,22196,4,269
218,6,2,3,22196,3,78
299,1,2,3,56060,2,136
223,0,3,9,14798,8,241
254,1,1,10,22196,10,128
560,3,3,3,22196,2,437
255,0,2,4,22196,4,130
261,0,1,1,56060,1,309
284,1,1,4,22196,5,209
287,0,1,6,22196,6,99
192,8,1,4,56060,4,117
71,0,3,4,56060,4,52
147,0,1,2,56060,2,68
252,0,1,1,22196,1,99
49,1,1,4,56060,3,91
16,0,2,0,56060,1,107
247,0,5,3,22196,3,108
206,0,3,3,22196,2,191
405,54,3,6,22196,6,101
225,0,1,1,22196,0,122
249,0,3,8,56060,7,143
160,4,2,6,22196,6,57
